QuestionID,Question,OptionA,OptionA_Explanation,OptionB,OptionB_Explanation,OptionC,OptionC_Explanation,OptionD,OptionD_Explanation,Answer,question.sources
1,"Trong bối cảnh kinh tế – kinh doanh hiện đại, dữ liệu được xem là gì?",Một công cụ kỹ thuật,"Sai: Dữ liệu không chỉ là công cụ kỹ thuật mà là tài sản chiến lược, mang lại giá trị lớn trong ra quyết định và cạnh tranh.",Một tài sản chiến lược,Đúng: Dữ liệu được xem là tài sản chiến lược vì nó đóng vai trò then chốt trong nâng cao hiệu quả và ra quyết định.,Một nguồn lực phụ trợ,Sai: Dữ liệu không chỉ là nguồn lực phụ trợ mà có vai trò cốt lõi trong chiến lược kinh doanh.,Một yếu tố trang trí,Sai: Dữ liệu không phải yếu tố trang trí mà có tác động trực tiếp đến vận hành và cạnh tranh.,B,introduction.csv
2,Tư duy phân tích dữ liệu (data-analytic thinking) có vai trò gì trong ra quyết định?,Tăng cường quyết định dựa trên cảm tính,Sai: Quyết định dựa trên cảm tính thường thiếu chính xác và không phải mục tiêu của tư duy phân tích dữ liệu.,Loại bỏ hoàn toàn kinh nghiệm cá nhân,Sai: Tư duy phân tích dữ liệu không loại bỏ kinh nghiệm mà bổ sung bằng chứng dữ liệu.,"Định hình cách đặt câu hỏi, tổ chức phân tích và truyền đạt kết quả","Đúng: Tư duy phân tích dữ liệu giúp đặt câu hỏi đúng, tổ chức phân tích và truyền đạt hiệu quả.",Tăng cường sử dụng trực giác,"Sai: Trực giác có thể dẫn đến sai lầm, trong khi tư duy phân tích dựa trên dữ liệu.",C,introduction.csv
3,Điều gì xảy ra khi thiếu nền tảng tư duy phân tích dữ liệu?,Tăng khả năng phát hiện cơ hội kinh doanh,Sai: Thiếu tư duy dữ liệu làm giảm khả năng phát hiện cơ hội vì thiếu phân tích dựa trên bằng chứng.,Dễ dẫn đến sai lầm mang tính hệ thống do thiên kiến nhận thức,"Đúng: Thiếu tư duy dữ liệu khiến quyết định dựa trên cảm tính hoặc thiên kiến, gây sai lầm hệ thống.",Tăng cường hiệu quả phân tích dữ liệu,"Sai: Thiếu tư duy dữ liệu làm giảm hiệu quả phân tích, không tăng cường nó.",Quyết định luôn dựa trên bằng chứng,Sai: Thiếu tư duy dữ liệu dẫn đến quyết định không dựa trên bằng chứng.,B,introduction.csv
4,Thiên kiến xác nhận định kiến (confirmation bias) có thể dẫn đến hậu quả gì?,Cải thiện chất lượng quyết định,"Sai: Confirmation bias làm sai lệch diễn giải thông tin, không cải thiện quyết định.",Diễn giải thông tin một cách sai lệch,"Đúng: Confirmation bias khiến con người ưu tiên thông tin phù hợp với niềm tin, dẫn đến diễn giải sai.",Tăng cường tư duy phân tích dữ liệu,Sai: Confirmation bias cản trở tư duy phân tích khách quan.,Giảm thiểu rủi ro trong kinh doanh,Sai: Confirmation bias làm tăng rủi ro do quyết định không chính xác.,B,introduction.csv
5,Việc hiểu các nguyên lý khoa học dữ liệu giúp doanh nghiệp đạt được gì?,Loại bỏ hoàn toàn chuyên gia dữ liệu,"Sai: Hiểu khoa học dữ liệu giúp tương tác với chuyên gia, không loại bỏ họ.",Tăng cường quyết định dựa trên trực giác,"Sai: Khoa học dữ liệu thúc đẩy quyết định dựa trên bằng chứng, không phải trực giác.","Phát hiện cơ hội, phòng tránh rủi ro và ra quyết định dữ liệu hóa","Đúng: Hiểu khoa học dữ liệu giúp doanh nghiệp ra quyết định dựa trên dữ liệu, phát hiện cơ hội và giảm rủi ro.",Giảm sự phụ thuộc vào dữ liệu,"Sai: Khoa học dữ liệu tăng cường sử dụng dữ liệu, không giảm phụ thuộc.",C,introduction.csv
6,Tại sao sở hữu dữ liệu không đủ để tạo lợi thế cạnh tranh?,Vì dữ liệu không có giá trị trong kinh doanh,Sai: Dữ liệu có giá trị lớn nhưng cần được phân tích đúng cách.,Vì cần tư duy phân tích dữ liệu để khai thác giá trị,Đúng: Sở hữu dữ liệu chỉ là bước đầu; tư duy phân tích dữ liệu mới tạo ra lợi thế cạnh tranh.,Vì dữ liệu luôn thay đổi nhanh chóng,Sai: Dữ liệu thay đổi nhanh nhưng không phải lý do chính; quan trọng là cách sử dụng.,Vì dữ liệu chỉ dùng cho mục đích kỹ thuật,"Sai: Dữ liệu có ứng dụng rộng trong chiến lược, không chỉ kỹ thuật.",B,introduction.csv
7,Hậu quả của việc ra quyết định dựa trên cảm tính là gì?,Tăng tính chính xác của quyết định,Sai: Quyết định dựa trên cảm tính thường thiếu chính xác do không dựa trên bằng chứng.,Dễ dẫn đến sai lầm mang tính hệ thống,"Đúng: Quyết định cảm tính dễ bị ảnh hưởng bởi thiên kiến, gây sai lầm hệ thống.",Tăng khả năng tương tác với chuyên gia dữ liệu,Sai: Quyết định cảm tính không liên quan đến việc tương tác với chuyên gia.,Giảm thời gian ra quyết định,Sai: Quyết định cảm tính có thể nhanh nhưng không đảm bảo chất lượng.,B,introduction.csv
8,Thiên kiến quá tự tin (overconfidence) có thể gây ra vấn đề gì?,Dẫn đến quyết định không tối ưu hoặc hậu quả nghiêm trọng,"Đúng: Quá tự tin khiến con người bỏ qua dữ liệu, dẫn đến quyết định sai lầm hoặc hậu quả nghiêm trọng.",Tăng cường khả năng phân tích dữ liệu,"Sai: Quá tự tin cản trở phân tích khách quan, không tăng cường nó.",Giảm thiểu rủi ro trong kinh doanh,Sai: Quá tự tin làm tăng rủi ro do bỏ qua bằng chứng.,Cải thiện giao tiếp trong tổ chức,Sai: Quá tự tin không liên quan đến cải thiện giao tiếp.,A,introduction.csv
9,Tư duy phân tích dữ liệu giúp gì trong việc tương tác với nhóm chuyên gia dữ liệu?,Loại bỏ nhu cầu làm việc với chuyên gia,"Sai: Tư duy phân tích giúp tương tác hiệu quả, không loại bỏ chuyên gia.",Tăng cường khả năng hiểu và làm việc hiệu quả với chuyên gia,Đúng: Hiểu tư duy dữ liệu giúp cá nhân giao tiếp và cộng tác tốt hơn với chuyên gia.,Giảm sự phụ thuộc vào dữ liệu,"Sai: Tư duy phân tích tăng cường sử dụng dữ liệu, không giảm phụ thuộc.",Tăng cường quyết định dựa trên trực giác,"Sai: Tư duy phân tích dựa trên dữ liệu, không phải trực giác.",B,introduction.csv
10,Việc thiếu hiểu biết về tư duy dữ liệu có thể dẫn đến hậu quả gì?,Tăng cường năng lực cạnh tranh,Sai: Thiếu tư duy dữ liệu làm giảm năng lực cạnh tranh do quyết định không dựa trên bằng chứng.,"Hiểu sai, lãng phí nguồn lực, hoặc quyết định dựa trên trực giác","Đúng: Thiếu tư duy dữ liệu gây hiểu sai, lãng phí và quyết định không tối ưu.",Cải thiện chiến lược kinh doanh,"Sai: Thiếu tư duy dữ liệu làm suy yếu chiến lược, không cải thiện.",Tăng khả năng phát hiện cơ hội,Sai: Thiếu tư duy dữ liệu làm giảm khả năng phát hiện cơ hội.,B,introduction.csv
11,Khoa học dữ liệu là lĩnh vực gì?,"Một lĩnh vực liên ngành kết hợp toán-thống kê, khoa học máy tính, và kiến thức chuyên môn","Đúng: Khoa học dữ liệu là lĩnh vực liên ngành, kết hợp ba trụ cột này để khai thác giá trị từ dữ liệu.",Một công cụ kỹ thuật để xử lý dữ liệu,Sai: Khoa học dữ liệu không chỉ là công cụ mà là một phương pháp luận toàn diện.,Một lĩnh vực chỉ tập trung vào khoa học máy tính,Sai: Khoa học dữ liệu không chỉ tập trung vào khoa học máy tính mà kết hợp ba trụ cột.,Một lĩnh vực chỉ liên quan đến thống kê,"Sai: Thống kê chỉ là một phần, không phải toàn bộ khoa học dữ liệu.",A,section_1.1.1.csv
12,Trụ cột nào không nằm trong định nghĩa của khoa học dữ liệu?,Quản lý nhân sự,Đúng: Quản lý nhân sự không phải là trụ cột của khoa học dữ liệu.,Toán học và thống kê,Sai: Toán học và thống kê là một trong ba trụ cột chính của khoa học dữ liệu.,Khoa học máy tính,Sai: Khoa học máy tính là một trụ cột quan trọng của khoa học dữ liệu.,Kiến thức chuyên môn,Sai: Kiến thức chuyên môn là một trụ cột cần thiết để áp dụng khoa học dữ liệu đúng ngữ cảnh.,A,section_1.1.1.csv
13,Vai trò trung tâm của dữ liệu trong khoa học dữ liệu là gì?,Tạo giao diện phần mềm,Sai: Giao diện phần mềm không phải vai trò chính của dữ liệu trong khoa học dữ liệu.,Hỗ trợ ra quyết định,Đúng: Dữ liệu đóng vai trò trung tâm trong việc cung cấp thông tin để ra quyết định hiệu quả.,Lưu trữ thông tin kỹ thuật,Sai: Dữ liệu không chỉ để lưu trữ mà còn hỗ trợ ra quyết định và tạo lợi thế cạnh tranh.,Thay thế hoàn toàn con người,"Sai: Dữ liệu hỗ trợ con người, không thay thế hoàn toàn.",B,section_1.1.1.csv
14,Bước đầu tiên trong chu trình khai thác dữ liệu là gì?,Xác định bài toán,"Đúng: Bước đầu tiên là xác định rõ bài toán, mục tiêu kinh doanh, và các chỉ số đo lường thành công.",Thu thập dữ liệu,"Sai: Thu thập dữ liệu là bước thứ hai, sau khi xác định bài toán.",Xử lý dữ liệu,Sai: Xử lý dữ liệu diễn ra sau khi thu thập và khai phá dữ liệu.,Xây dựng mô hình,Sai: Xây dựng mô hình là bước sau khi dữ liệu đã được xử lý.,A,section_1.1.1.csv
15,Bước xác định bài toán bao gồm những hoạt động nào?,Hiểu mục tiêu kinh doanh và xác định chỉ số đo lường,Đúng: Bước này tập trung vào làm rõ mục tiêu và xác định các chỉ số đo lường thành công.,Làm sạch dữ liệu và chuẩn hóa,"Sai: Làm sạch và chuẩn hóa thuộc bước xử lý dữ liệu, không phải xác định bài toán.",Thu thập dữ liệu từ API,Sai: Thu thập dữ liệu là bước tiếp theo sau xác định bài toán.,Triển khai mô hình vào hệ thống,Sai: Triển khai mô hình là bước cuối cùng.,A,section_1.1.1.csv
16,Nguồn dữ liệu trong bước thu thập có thể bao gồm gì?,Chỉ dữ liệu từ báo cáo giấy,Sai: Dữ liệu không giới hạn ở báo cáo giấy mà bao gồm cả dữ liệu số hóa.,Chỉ cơ sở dữ liệu nội bộ,"Sai: Nguồn dữ liệu có thể đến từ nhiều nơi, không chỉ cơ sở dữ liệu nội bộ.","Cơ sở dữ liệu nội bộ, API, và web scraping","Đúng: Dữ liệu có thể được thu thập từ nhiều nguồn như hệ thống giao dịch, API, hoặc web scraping.",Chỉ dữ liệu có cấu trúc,Sai: Dữ liệu có thể là có cấu trúc hoặc phi cấu trúc.,C,section_1.1.1.csv
17,Yếu tố nào cần chú ý khi thu thập dữ liệu?,Quy định pháp lý và đạo đức về quyền riêng tư,Đúng: Thu thập dữ liệu cần tuân thủ các quy định pháp lý và đạo đức để bảo vệ quyền riêng tư.,Tối ưu hóa hiệu suất mô hình,"Sai: Tối ưu hóa mô hình thuộc bước xây dựng mô hình, không phải thu thập dữ liệu.",Lựa chọn thuật toán học máy,Sai: Lựa chọn thuật toán thuộc bước xây dựng mô hình.,Trực quan hóa dữ liệu,Sai: Trực quan hóa thuộc bước khai phá dữ liệu.,A,section_1.1.1.csv
18,Mục tiêu của bước khai phá dữ liệu là gì?,Làm sạch dữ liệu,Sai: Làm sạch dữ liệu thuộc bước xử lý dữ liệu.,Triển khai mô hình vào thực tiễn,Sai: Triển khai là bước cuối cùng.,Xây dựng mô hình dự đoán,Sai: Xây dựng mô hình là bước sau khai phá dữ liệu.,"Xác định xu hướng, mối tương quan, và giá trị ngoại lệ",Đúng: Khai phá dữ liệu nhằm hiểu đặc điểm tổng quát của dữ liệu thông qua phân tích thống kê và trực quan hóa.,D,section_1.1.1.csv
19,Bước xử lý dữ liệu bao gồm những hoạt động nào?,"Làm sạch dữ liệu, chuẩn hóa, và tạo đặc trưng mới","Đúng: Xử lý dữ liệu bao gồm làm sạch, chuẩn hóa, mã hóa, và tích hợp dữ liệu.",Xác định mục tiêu kinh doanh,Sai: Xác định mục tiêu thuộc bước xác định bài toán.,Thu thập dữ liệu từ API,Sai: Thu thập dữ liệu là bước trước xử lý.,Đánh giá hiệu quả mô hình,Sai: Đánh giá mô hình là bước sau xử lý dữ liệu.,A,section_1.1.1.csv
20,Việc lựa chọn thuật toán trong bước xây dựng mô hình phụ thuộc vào yếu tố nào?,Nguồn dữ liệu,"Sai: Nguồn dữ liệu ảnh hưởng đến thu thập, không phải lựa chọn thuật toán.",Chỉ số đo lường thành công,Sai: Chỉ số đo lường thuộc bước xác định bài toán và đánh giá mô hình.,Mục tiêu bài toán và bản chất dữ liệu,Đúng: Lựa chọn thuật toán dựa trên bài toán (có giám sát/không giám sát) và đặc điểm dữ liệu.,Quy định pháp lý,Sai: Quy định pháp lý liên quan đến thu thập dữ liệu.,C,section_1.1.1.csv
21,Dữ liệu trong bước xây dựng mô hình thường được chia thành những tập nào?,Tập dữ liệu thô và dữ liệu đã xử lý,Sai: Đây không phải cách chia dữ liệu trong xây dựng mô hình.,"Tập huấn luyện, kiểm tra, và kiểm định chéo",Đúng: Dữ liệu được chia thành các tập này để đảm bảo tính tổng quát của mô hình.,Tập dữ liệu có cấu trúc và phi cấu trúc,"Sai: Phân loại này thuộc về đặc điểm dữ liệu, không phải cách chia.",Tập dữ liệu nội bộ và bên ngoài,Sai: Đây là cách phân loại nguồn dữ liệu.,B,section_1.1.1.csv
22,Mục đích của việc tinh chỉnh siêu tham số trong xây dựng mô hình là gì?,Tối ưu hóa hiệu suất mô hình,Đúng: Tinh chỉnh siêu tham số giúp cải thiện độ chính xác và hiệu quả của mô hình.,Làm sạch dữ liệu,Sai: Làm sạch dữ liệu thuộc bước xử lý dữ liệu.,Thu thập dữ liệu mới,Sai: Thu thập dữ liệu không liên quan đến tinh chỉnh siêu tham số.,Trực quan hóa dữ liệu,Sai: Trực quan hóa thuộc bước khai phá dữ liệu.,A,section_1.1.1.csv
23,Bước đánh giá mô hình sử dụng những chỉ số nào?,"Độ chính xác, độ lỗi trung bình, hệ số xác định",Đúng: Các chỉ số này được dùng để đánh giá hiệu quả mô hình tùy theo bài toán.,Chỉ số đo lường thành công từ bước xác định bài toán,"Sai: Chỉ số đo lường thành công thuộc bước xác định bài toán, không phải đánh giá mô hình.",Số lượng dữ liệu thu thập được,Sai: Số lượng dữ liệu không phải là chỉ số đánh giá mô hình.,Tốc độ thu thập dữ liệu,Sai: Tốc độ thu thập không liên quan đến đánh giá mô hình.,A,section_1.1.1.csv
24,Yếu tố nào quan trọng khi đánh giá mô hình?,Mức độ khả giải và ý nghĩa thực tiễn,Đúng: Mô hình cần không chỉ chính xác mà còn phù hợp với thực tiễn.,Tốc độ triển khai mô hình,"Sai: Tốc độ triển khai thuộc bước triển khai, không phải đánh giá.",Số lượng nguồn dữ liệu,Sai: Số lượng nguồn dữ liệu liên quan đến thu thập dữ liệu.,Mức độ phức tạp của thuật toán,Sai: Độ phức tạp không phải yếu tố chính trong đánh giá.,A,section_1.1.1.csv
25,Bước triển khai mô hình thường bao gồm việc gì?,Đưa mô hình vào hệ thống phần mềm hoặc dashboard,Đúng: Triển khai mô hình đưa nó vào ứng dụng thực tiễn như phần mềm hoặc dashboard.,Làm sạch dữ liệu,Sai: Làm sạch dữ liệu thuộc bước xử lý dữ liệu.,Xác định bài toán,"Sai: Xác định bài toán là bước đầu tiên, không phải triển khai.",Khai phá dữ liệu,Sai: Khai phá dữ liệu là bước trước triển khai.,A,section_1.1.1.csv
26,Việc giám sát mô hình sau triển khai có mục đích gì?,Theo dõi hiệu suất và cập nhật mô hình,Đúng: Giám sát giúp đảm bảo mô hình duy trì độ chính xác khi dữ liệu thay đổi.,Thu thập dữ liệu mới,"Sai: Thu thập dữ liệu là bước riêng, không phải mục đích của giám sát.",Làm sạch dữ liệu,Sai: Làm sạch dữ liệu thuộc bước xử lý dữ liệu.,Xây dựng mô hình mới,Sai: Xây dựng mô hình mới không phải là mục đích chính của giám sát.,A,section_1.1.1.csv
27,Khoa học dữ liệu được định nghĩa là gì?,Một phương pháp luận để khai thác giá trị từ dữ liệu,"Đúng: Khoa học dữ liệu bao gồm các phương pháp và công cụ để xử lý, phân tích, và ra quyết định dựa trên dữ liệu.",Một tập hợp các công cụ kỹ thuật,Sai: Khoa học dữ liệu không chỉ là công cụ mà là phương pháp luận toàn diện.,Một lĩnh vực chỉ tập trung vào học máy,Sai: Học máy chỉ là một phần của khoa học dữ liệu.,Một công cụ để lưu trữ dữ liệu,"Sai: Lưu trữ dữ liệu là một khía cạnh nhỏ, không phải định nghĩa chính.",A,section_1.1.1.csv
28,Ứng dụng của khoa học dữ liệu có thể được triển khai trong lĩnh vực nào?,Chỉ trong kinh doanh,"Sai: Khoa học dữ liệu có ứng dụng trong nhiều lĩnh vực, không chỉ kinh doanh.",Chỉ trong khoa học máy tính,"Sai: Khoa học máy tính là một trụ cột, không phải lĩnh vực ứng dụng duy nhất.","Kinh doanh, y học, quản trị công, và hoạch định chính sách",Đúng: Khoa học dữ liệu có ứng dụng rộng khắp trong nhiều lĩnh vực.,Chỉ trong thống kê,"Sai: Thống kê là một phần, không phải toàn bộ ứng dụng.",C,section_1.1.1.csv
29,Việc thiếu kiến thức chuyên môn trong khoa học dữ liệu có thể dẫn đến gì?,Tăng tốc độ xử lý dữ liệu,Sai: Tốc độ xử lý không liên quan đến kiến thức chuyên môn.,Sai lệch trong diễn giải dữ liệu hoặc kết luận không phù hợp,Đúng: Thiếu kiến thức chuyên môn dẫn đến diễn giải sai hoặc lựa chọn mô hình không phù hợp.,Tăng độ chính xác của mô hình,Sai: Thiếu kiến thức chuyên môn làm giảm độ chính xác và phù hợp của mô hình.,Giảm yêu cầu về dữ liệu,Sai: Thiếu kiến thức chuyên môn không giảm yêu cầu về dữ liệu.,B,section_1.1.1.csv
30,Tại sao khoa học dữ liệu cần cách tiếp cận có hệ thống?,Để giảm thời gian thu thập dữ liệu,"Sai: Cách tiếp cận có hệ thống liên quan đến toàn bộ chu trình, không chỉ thu thập dữ liệu.",Để chỉ tập trung vào công cụ kỹ thuật,Sai: Khoa học dữ liệu không chỉ tập trung vào công cụ mà là toàn bộ phương pháp luận.,Để loại bỏ nhu cầu về kiến thức chuyên môn,"Sai: Kiến thức chuyên môn là cần thiết, không thể loại bỏ.",Để biến dữ liệu thô thành thông tin có ý nghĩa,"Đúng: Cách tiếp cận có hệ thống đảm bảo dữ liệu được xử lý, phân tích và áp dụng hiệu quả.",D,section_1.1.1.csv
31,Đặc thù của dữ liệu trong kinh tế và kinh doanh so với các lĩnh vực khác là gì?,"Dữ liệu phản ánh hành vi con người trong tiêu dùng, đầu tư","Đúng: Dữ liệu trong kinh tế - kinh doanh thường liên quan đến hành vi con người như tiêu dùng, đầu tư, quản trị rủi ro.",Dữ liệu có tính khách quan và ổn định,Sai: Dữ liệu kinh tế - kinh doanh chịu ảnh hưởng của kỳ vọng chủ quan và không ổn định.,Dữ liệu chủ yếu từ cảm biến và thiết bị,"Sai: Dữ liệu từ cảm biến phổ biến trong các lĩnh vực kỹ thuật, không phải kinh tế.",Dữ liệu chỉ có cấu trúc cố định,Sai: Dữ liệu kinh tế có thể là cấu trúc hoặc phi cấu trúc.,A,section_1.1.2.csv
32,Tại sao dữ liệu kinh tế - kinh doanh đòi hỏi phương pháp tiếp cận thận trọng?,Do ảnh hưởng của kỳ vọng chủ quan và thông tin bất cân xứng,"Đúng: Kỳ vọng chủ quan và thông tin bất cân xứng khiến dữ liệu dễ bị sai lệch, cần thận trọng.",Do sử dụng mô hình học sâu phức tạp,Sai: Mô hình học sâu ít được dùng trong kinh tế do yêu cầu tính giải thích.,Do dữ liệu luôn có tính ổn định cao,Sai: Dữ liệu kinh tế không ổn định do phụ thuộc vào hành vi con người.,Do không cần kiến thức chuyên môn,Sai: Kiến thức chuyên môn rất cần thiết trong kinh tế.,A,section_1.1.2.csv
33,Mô hình phân tích trong kinh tế - kinh doanh cần đảm bảo điều gì ngoài độ chính xác?,Tính phức tạp của thuật toán,Sai: Tính phức tạp không được ưu tiên; tính giải thích quan trọng hơn.,Tốc độ xử lý dữ liệu,Sai: Tốc độ xử lý không phải yếu tố chính trong kinh tế.,Khả năng giải thích và minh bạch về mặt kinh tế học,Đúng: Mô hình cần dễ hiểu và minh bạch để nhà quản lý tin dùng.,Sử dụng mô hình hộp đen,Sai: Mô hình hộp đen ít được dùng do thiếu tính giải thích.,C,section_1.1.2.csv
34,Mục tiêu tối hậu của khoa học dữ liệu trong kinh tế - kinh doanh là gì?,Tối ưu hóa hiệu quả kinh tế và nâng cao năng suất,"Đúng: Khoa học dữ liệu trong kinh tế nhằm tối ưu hóa hiệu quả, giảm rủi ro, và hỗ trợ chiến lược.",Tối ưu hóa độ chính xác của mô hình học sâu,Sai: Độ chính xác không phải mục tiêu chính; tính thực tiễn quan trọng hơn.,Loại bỏ hoàn toàn lý thuyết kinh tế,Sai: Lý thuyết kinh tế được tích hợp để tăng tính thực tiễn.,Giảm thiểu việc sử dụng dữ liệu,Sai: Khoa học dữ liệu tăng cường sử dụng dữ liệu.,A,section_1.1.2.csv
35,Khoa học dữ liệu trong kinh tế - kinh doanh thường tích hợp với mô hình nào?,Mô hình mạng nơ-ron sâu,Sai: Mạng nơ-ron sâu ít được dùng do khó giải thích.,Mô hình xử lý hình ảnh,Sai: Xử lý hình ảnh không phổ biến trong kinh tế.,Mô hình nhận diện khuôn mặt,Sai: Nhận diện khuôn mặt không liên quan đến kinh tế.,Mô hình kinh tế lượng và phân tích rủi ro tài chính,Đúng: Các mô hình này được dùng để đảm bảo tính thực tiễn và minh bạch.,D,section_1.1.2.csv
36,Bước xác định bài toán trong kinh tế - kinh doanh tập trung vào điều gì?,Hiểu môi trường kinh doanh và mục tiêu chiến lược,Đúng: Bước này yêu cầu hiểu rõ mục tiêu kinh doanh và chiến lược tổ chức.,Tối ưu hóa thuật toán học máy,Sai: Tối ưu hóa thuật toán thuộc bước xây dựng mô hình.,Thu thập dữ liệu từ cảm biến,Sai: Dữ liệu từ cảm biến không phổ biến trong kinh tế.,Làm sạch dữ liệu,Sai: Làm sạch dữ liệu thuộc bước xử lý dữ liệu.,A,section_1.1.2.csv
37,Dữ liệu trong kinh tế - kinh doanh thường ở dạng nào?,"Dữ liệu dạng bảng như danh sách khách hàng, hóa đơn","Đúng: Dữ liệu kinh tế thường ở dạng bảng biểu như khách hàng, hóa đơn, số liệu tài chính.",Dữ liệu từ cảm biến và thiết bị,"Sai: Dữ liệu từ cảm biến phổ biến trong kỹ thuật, không phải kinh tế.",Dữ liệu âm thanh và hình ảnh,Sai: Dữ liệu âm thanh và hình ảnh ít được dùng trong kinh tế.,Dữ liệu chỉ ở dạng phi cấu trúc,Sai: Dữ liệu kinh tế có thể là cấu trúc hoặc phi cấu trúc.,A,section_1.1.2.csv
38,Bước khai phá dữ liệu trong kinh tế - kinh doanh sử dụng công cụ gì?,Thống kê cơ bản để tìm xu hướng và mối quan hệ,"Đúng: Khai phá dữ liệu kinh tế dùng thống kê để tìm xu hướng, mùa vụ, và quan hệ giữa các chỉ tiêu.",Công cụ xử lý hình ảnh,Sai: Xử lý hình ảnh không phổ biến trong khai phá dữ liệu kinh tế.,Công cụ nhận diện giọng nói,Sai: Nhận diện giọng nói không liên quan đến khai phá dữ liệu kinh tế.,Mô hình học sâu,Sai: Mô hình học sâu ít được dùng do thiếu tính giải thích.,A,section_1.1.2.csv
39,Bước xử lý dữ liệu trong kinh tế - kinh doanh bao gồm hoạt động nào?,"Kiểm tra và làm sạch dữ liệu bị thiếu, sai sót","Đúng: Xử lý dữ liệu kinh tế bao gồm làm sạch, quy đổi đơn vị, và chuẩn hóa dữ liệu.",Xây dựng mô hình học máy,Sai: Xây dựng mô hình là bước sau xử lý dữ liệu.,Triển khai mô hình vào hệ thống,Sai: Triển khai là bước cuối cùng.,Thu thập dữ liệu từ API,Sai: Thu thập dữ liệu là bước trước xử lý.,A,section_1.1.2.csv
40,Mô hình nào thường được dùng trong kinh tế - kinh doanh?,Hồi quy tuyến tính và cây quyết định,"Đúng: Các mô hình này đơn giản, dễ hiểu, và phù hợp với nhà quản lý.",Mạng học sâu phức tạp,Sai: Mạng học sâu ít được dùng do khó giải thích.,Mô hình xử lý tín hiệu,Sai: Xử lý tín hiệu không phổ biến trong kinh tế.,Mô hình nhận diện khuôn mặt,Sai: Nhận diện khuôn mặt không liên quan đến kinh tế.,A,section_1.1.2.csv
41,Việc đánh giá mô hình trong kinh tế - kinh doanh cần xem xét điều gì?,Cải thiện hiệu quả kinh doanh như tăng doanh thu,"Đúng: Đánh giá mô hình cần xem xét tác động thực tế như tăng doanh thu, giảm chi phí.",Chỉ độ chính xác của mô hình,Sai: Độ chính xác không đủ; cần xem xét cả ý nghĩa thực tiễn.,Tốc độ xử lý dữ liệu,Sai: Tốc độ xử lý không phải yếu tố chính trong đánh giá.,Số lượng dữ liệu thu thập,Sai: Số lượng dữ liệu không liên quan đến đánh giá mô hình.,A,section_1.1.2.csv
42,Triển khai mô hình trong kinh tế - kinh doanh thường tích hợp vào đâu?,Hệ thống báo cáo hoặc bảng điều khiển cho lãnh đạo,Đúng: Mô hình được tích hợp vào báo cáo hoặc dashboard để hỗ trợ ra quyết định.,Hệ thống điều khiển tự động,"Sai: Hệ thống điều khiển tự động phổ biến trong kỹ thuật, không phải kinh tế.",Thiết bị cảm biến,Sai: Thiết bị cảm biến không liên quan đến triển khai trong kinh tế.,Ứng dụng nhận diện âm thanh,Sai: Nhận diện âm thanh không phổ biến trong kinh tế.,A,section_1.1.2.csv
43,Tại sao dữ liệu kinh tế - kinh doanh dễ bị sai lệch?,Do kỳ vọng chủ quan và thông tin bất cân xứng,Đúng: Kỳ vọng chủ quan và thông tin bất cân xứng làm dữ liệu dễ bị sai lệch.,Do sử dụng mô hình học sâu,Sai: Mô hình học sâu không phải nguyên nhân chính của sai lệch.,Do dữ liệu luôn ổn định,Sai: Dữ liệu kinh tế không ổn định do liên quan đến hành vi con người.,Do thiếu công cụ phân tích,Sai: Công cụ phân tích không phải nguyên nhân chính.,A,section_1.1.2.csv
44,Mô hình trong kinh tế - kinh doanh cần có đặc điểm gì để được tin dùng?,Khả năng giải thích và minh bạch,Đúng: Nhà quản lý cần hiểu rõ yếu tố ảnh hưởng và mối quan hệ nhân quả.,Tính phức tạp cao,Sai: Tính phức tạp không được ưu tiên; tính giải thích quan trọng hơn.,Tốc độ xử lý nhanh,Sai: Tốc độ không phải yếu tố chính trong kinh tế.,Không cần kiến thức chuyên môn,Sai: Kiến thức chuyên môn rất cần thiết để đảm bảo tính thực tiễn.,A,section_1.1.2.csv
45,Khoa học dữ liệu trong kinh tế - kinh doanh có xu hướng tích hợp với lĩnh vực nào?,"Lý thuyết kinh tế, tài chính, và quản trị",Đúng: Khoa học dữ liệu tích hợp với các lĩnh vực này để đảm bảo tính thực tiễn.,Xử lý hình ảnh và âm thanh,Sai: Xử lý hình ảnh và âm thanh không phổ biến trong kinh tế.,Kỹ thuật phần cứng,Sai: Kỹ thuật phần cứng không liên quan đến kinh tế.,Nhận diện giọng nói,Sai: Nhận diện giọng nói không phổ biến trong kinh tế.,A,section_1.1.2.csv
46,Bước xác định bài toán trong kinh tế - kinh doanh khác với khoa học dữ liệu thông thường như thế nào?,Tập trung vào độ chính xác kỹ thuật,"Sai: Độ chính xác kỹ thuật là trọng tâm của khoa học dữ liệu thông thường, không phải kinh tế.",Yêu cầu sử dụng mô hình học sâu,Sai: Mô hình học sâu ít được dùng trong kinh tế.,Gắn với mục tiêu kinh doanh và chiến lược,Đúng: Bài toán kinh tế tập trung vào mục tiêu kinh doanh và ra quyết định chiến lược.,Không cần kiến thức chuyên môn,Sai: Kiến thức chuyên môn rất quan trọng trong kinh tế.,C,section_1.1.2.csv
47,Dữ liệu kinh tế - kinh doanh thường được thu thập từ đâu?,Dữ liệu âm thanh và video,Sai: Dữ liệu âm thanh và video không phổ biến trong kinh tế.,Cảm biến và thiết bị IoT,"Sai: Cảm biến và IoT phổ biến trong kỹ thuật, không phải kinh tế.",Hệ thống quản lý doanh nghiệp và khảo sát thị trường,"Đúng: Dữ liệu kinh tế thường đến từ hệ thống quản lý, hóa đơn, hoặc khảo sát.",Chỉ dữ liệu phi cấu trúc,Sai: Dữ liệu kinh tế có thể là cấu trúc hoặc phi cấu trúc.,C,section_1.1.2.csv
48,Khai phá dữ liệu trong kinh tế - kinh doanh giúp gì?,Xử lý tín hiệu âm thanh,Sai: Xử lý tín hiệu âm thanh không liên quan đến khai phá dữ liệu kinh tế.,Tối ưu hóa thuật toán học máy,Sai: Tối ưu hóa thuật toán thuộc bước xây dựng mô hình.,Làm sạch dữ liệu,Sai: Làm sạch dữ liệu thuộc bước xử lý dữ liệu.,"Tìm xu hướng, mùa vụ, và mối quan hệ giữa các chỉ tiêu","Đúng: Khai phá dữ liệu kinh tế tìm xu hướng, mùa vụ, và quan hệ giữa các chỉ tiêu như doanh thu, chi phí.",D,section_1.1.2.csv
49,Việc xử lý dữ liệu trong kinh tế - kinh doanh cần chú ý điều gì?,Thu thập dữ liệu từ cảm biến,Sai: Thu thập dữ liệu từ cảm biến không phổ biến trong kinh tế.,Sử dụng mô hình học sâu,Sai: Mô hình học sâu ít được dùng trong xử lý dữ liệu kinh tế.,Triển khai mô hình vào hệ thống,Sai: Triển khai là bước sau xử lý dữ liệu.,Chuẩn hóa thông tin từ nhiều nguồn và làm sạch sai sót,"Đúng: Xử lý dữ liệu kinh tế bao gồm làm sạch sai sót, quy đổi đơn vị, và chuẩn hóa dữ liệu.",D,section_1.1.2.csv
50,Tại sao đánh giá mô hình trong kinh tế - kinh doanh cần xem xét ý nghĩa thực tiễn?,Để tăng độ phức tạp của thuật toán,Sai: Độ phức tạp không phải mục tiêu trong kinh tế.,Để giảm thời gian xử lý dữ liệu,Sai: Thời gian xử lý không phải yếu tố chính trong đánh giá.,Để loại bỏ kiến thức chuyên môn,Sai: Kiến thức chuyên môn cần thiết để đánh giá ý nghĩa thực tiễn.,Để đảm bảo mô hình cải thiện hiệu quả kinh doanh,"Đúng: Mô hình cần mang lại giá trị thực tế như tăng doanh thu, giảm chi phí.",D,section_1.1.2.csv
51,Kỹ thuật dữ liệu tập trung vào lĩnh vực nào?,Thiết kế và quản trị hạ tầng dữ liệu,Đúng: Kỹ thuật dữ liệu tập trung vào xây dựng và duy trì hạ tầng dữ liệu để phục vụ phân tích.,Phân tích thống kê và trực quan hóa,"Sai: Phân tích thống kê thuộc về phân tích dữ liệu, không phải kỹ thuật dữ liệu.",Xây dựng mô hình học máy,Sai: Xây dựng mô hình học máy thuộc lĩnh vực học máy.,Diễn giải kết quả phân tích,Sai: Diễn giải kết quả thuộc phân tích dữ liệu.,A,section_1.1.3.csv
52,Vai trò chính của kỹ sư dữ liệu là gì?,Xây dựng mô hình dự đoán,Sai: Xây dựng mô hình dự đoán thuộc lĩnh vực học máy.,Thiết lập kho dữ liệu và quy trình xử lý tự động,Đúng: Kỹ sư dữ liệu xây dựng kho dữ liệu và data pipeline để đảm bảo dữ liệu sẵn sàng cho phân tích.,Phân tích xu hướng và mối quan hệ,Sai: Phân tích xu hướng thuộc phân tích dữ liệu.,Trực quan hóa dữ liệu,Sai: Trực quan hóa thuộc phân tích dữ liệu.,B,section_1.1.3.csv
53,Kỹ thuật dữ liệu đóng vai trò trung tâm ở bước nào trong chu trình khoa học dữ liệu?,Xây dựng mô hình,"Sai: Xây dựng mô hình thuộc học máy, không phải kỹ thuật dữ liệu.",Thu thập dữ liệu,Đúng: Kỹ thuật dữ liệu đảm nhận việc thu thập và hợp nhất dữ liệu từ nhiều nguồn.,Đánh giá mô hình,Sai: Đánh giá mô hình thuộc học máy và phân tích dữ liệu.,Diễn giải kết quả,Sai: Diễn giải kết quả thuộc phân tích dữ liệu.,B,section_1.1.3.csv
54,Quy trình ETL trong kỹ thuật dữ liệu có nghĩa là gì?,Extract – Transform – Load,"Đúng: ETL là quy trình trích xuất, chuyển đổi và tải dữ liệu vào kho lưu trữ.",Explore – Test – Learn,Sai: Đây không phải quy trình trong kỹ thuật dữ liệu.,Estimate – Train – Launch,Sai: Đây không phải quy trình liên quan đến kỹ thuật dữ liệu.,Extract – Test – Load,Sai: Test không phải phần của quy trình ETL.,A,section_1.1.3.csv
55,Kỹ thuật dữ liệu hỗ trợ bước khai phá dữ liệu bằng cách nào?,Thực hiện phân tích thống kê,Sai: Phân tích thống kê thuộc phân tích dữ liệu.,Xây dựng công cụ truy vấn và kho dữ liệu phân tích,Đúng: Kỹ sư dữ liệu cung cấp công cụ và hạ tầng để hỗ trợ khai phá dữ liệu.,Xây dựng mô hình học máy,Sai: Xây dựng mô hình thuộc học máy.,Diễn giải kết quả phân tích,Sai: Diễn giải thuộc phân tích dữ liệu.,B,section_1.1.3.csv
56,"Trong bước xử lý dữ liệu, kỹ thuật dữ liệu đảm nhận nhiệm vụ gì?",Chuẩn hóa định dạng và tích hợp dữ liệu,"Đúng: Kỹ thuật dữ liệu làm sạch, chuẩn hóa, và tích hợp dữ liệu từ nhiều nguồn.",Phân tích xu hướng dữ liệu,Sai: Phân tích xu hướng thuộc phân tích dữ liệu.,Huấn luyện mô hình học máy,Sai: Huấn luyện mô hình thuộc học máy.,Trình bày kết quả phân tích,Sai: Trình bày kết quả thuộc phân tích dữ liệu.,A,section_1.1.3.csv
57,Kỹ thuật dữ liệu hỗ trợ bước triển khai và giám sát như thế nào?,Xây dựng hệ thống giám sát luồng dữ liệu thời gian thực,Đúng: Kỹ thuật dữ liệu đảm bảo dòng dữ liệu ổn định và hỗ trợ giám sát mô hình.,Thực hiện phân tích thống kê mô tả,Sai: Phân tích thống kê thuộc phân tích dữ liệu.,Xây dựng mô hình dự đoán,Sai: Xây dựng mô hình thuộc học máy.,Diễn giải kết quả phân tích,Sai: Diễn giải thuộc phân tích dữ liệu.,A,section_1.1.3.csv
58,Kho dữ liệu (data warehouse) trong kỹ thuật dữ liệu có vai trò gì?,Lưu trữ và quản lý dữ liệu lớn để phân tích,Đúng: Kho dữ liệu được thiết kế để lưu trữ và quản lý dữ liệu phục vụ phân tích.,Huấn luyện mô hình học máy,Sai: Huấn luyện mô hình thuộc học máy.,Phân tích mối quan hệ giữa các biến,Sai: Phân tích mối quan hệ thuộc phân tích dữ liệu.,Trực quan hóa dữ liệu,Sai: Trực quan hóa thuộc phân tích dữ liệu.,A,section_1.1.3.csv
59,Kỹ thuật dữ liệu không bao gồm hoạt động nào?,Xây dựng data pipeline,Sai: Xây dựng data pipeline là nhiệm vụ chính của kỹ thuật dữ liệu.,Phân tích thống kê mô tả,"Đúng: Phân tích thống kê thuộc phân tích dữ liệu, không phải kỹ thuật dữ liệu.",Quản trị kho dữ liệu,Sai: Quản trị kho dữ liệu thuộc kỹ thuật dữ liệu.,Tích hợp dữ liệu từ nhiều nguồn,Sai: Tích hợp dữ liệu là nhiệm vụ của kỹ thuật dữ liệu.,B,section_1.1.3.csv
60,Hồ dữ liệu (data lake) trong kỹ thuật dữ liệu là gì?,Nơi lưu trữ dữ liệu thô từ nhiều nguồn,"Đúng: Hồ dữ liệu lưu trữ dữ liệu thô ở dạng gốc, chưa qua xử lý.",Công cụ phân tích thống kê,Sai: Phân tích thống kê thuộc phân tích dữ liệu.,Mô hình học máy,Sai: Mô hình học máy thuộc lĩnh vực học máy.,Báo cáo trực quan hóa,Sai: Trực quan hóa thuộc phân tích dữ liệu.,A,section_1.1.3.csv
61,Phân tích dữ liệu tập trung vào mục tiêu nào?,Tự động hóa quy trình thu thập dữ liệu,Sai: Tự động hóa thuộc kỹ thuật dữ liệu.,"Khám phá và diễn giải xu hướng, mối quan hệ trong dữ liệu",Đúng: Phân tích dữ liệu tập trung vào khám phá và diễn giải để hỗ trợ ra quyết định.,Xây dựng mô hình học máy phức tạp,Sai: Xây dựng mô hình thuộc học máy.,Thiết kế hạ tầng lưu trữ dữ liệu,Sai: Thiết kế hạ tầng thuộc kỹ thuật dữ liệu.,B,section_1.1.3.csv
62,Hình thức phân tích mô tả (descriptive analytics) có mục đích gì?,Tóm lược dữ liệu quá khứ để phản ánh hiện trạng,Đúng: Phân tích mô tả tóm tắt dữ liệu để hiểu những gì đã xảy ra.,Dự đoán sự kiện trong tương lai,Sai: Dự đoán thuộc phân tích dự đoán.,Gợi ý hành động tối ưu,Sai: Gợi ý hành động thuộc phân tích đề xuất.,Xây dựng mô hình học máy,Sai: Xây dựng mô hình thuộc học máy.,A,section_1.1.3.csv
63,Phân tích chẩn đoán (diagnostic analytics) tập trung vào điều gì?,Tìm nguyên nhân của các hiện tượng đã xảy ra,Đúng: Phân tích chẩn đoán lý giải tại sao một sự kiện xảy ra.,Dự đoán xác suất sự kiện tương lai,Sai: Dự đoán thuộc phân tích dự đoán.,Gợi ý hành động tối ưu,Sai: Gợi ý hành động thuộc phân tích đề xuất.,Thiết kế kho dữ liệu,Sai: Thiết kế kho dữ liệu thuộc kỹ thuật dữ liệu.,A,section_1.1.3.csv
64,Phân tích dự đoán (predictive analytics) sử dụng công cụ nào?,Mô hình thống kê để ước lượng xác suất,Đúng: Phân tích dự đoán dùng mô hình thống kê để dự báo xu hướng tương lai.,Quy trình ETL,Sai: ETL thuộc kỹ thuật dữ liệu.,Mô hình học sâu phức tạp,"Sai: Mô hình học sâu thuộc học máy, không phải phân tích dự đoán.",Hệ thống giám sát thời gian thực,Sai: Giám sát thuộc kỹ thuật dữ liệu.,A,section_1.1.3.csv
65,Phân tích đề xuất (prescriptive analytics) có mục tiêu gì?,Gợi ý hành động tối ưu dựa trên kịch bản,Đúng: Phân tích đề xuất đưa ra khuyến nghị dựa trên đánh giá các kịch bản.,Tóm lược dữ liệu quá khứ,Sai: Tóm lược thuộc phân tích mô tả.,Tìm nguyên nhân sự kiện,Sai: Tìm nguyên nhân thuộc phân tích chẩn đoán.,Xây dựng data pipeline,Sai: Xây dựng data pipeline thuộc kỹ thuật dữ liệu.,A,section_1.1.3.csv
66,Phân tích dữ liệu không bao gồm hoạt động nào?,Khám phá xu hướng và mối quan hệ,Sai: Khám phá xu hướng thuộc phân tích dữ liệu.,Tự động hóa quy trình thu thập dữ liệu,Đúng: Tự động hóa thu thập thuộc kỹ thuật dữ liệu.,Trực quan hóa dữ liệu,Sai: Trực quan hóa thuộc phân tích dữ liệu.,Diễn giải kết quả phân tích,Sai: Diễn giải thuộc phân tích dữ liệu.,B,section_1.1.3.csv
67,Bước nào trong chu trình khoa học dữ liệu là trọng tâm của phân tích dữ liệu?,Thu thập dữ liệu,Sai: Thu thập dữ liệu thuộc kỹ thuật dữ liệu.,Khai phá dữ liệu,"Đúng: Phân tích dữ liệu tập trung vào khai phá xu hướng, mối quan hệ, và đặc điểm dữ liệu.",Xây dựng mô hình học máy,Sai: Xây dựng mô hình thuộc học máy.,Triển khai mô hình,Sai: Triển khai thuộc kỹ thuật dữ liệu và học máy.,B,section_1.1.3.csv
68,Phân tích dữ liệu hỗ trợ bước xác định bài toán như thế nào?,Thực hiện phân tích sơ bộ và thống kê mô tả,Đúng: Phân tích dữ liệu giúp làm rõ mục tiêu và phạm vi phân tích thông qua phân tích sơ bộ.,Xây dựng data pipeline,Sai: Xây dựng data pipeline thuộc kỹ thuật dữ liệu.,Huấn luyện mô hình học máy,Sai: Huấn luyện mô hình thuộc học máy.,Thiết kế kho dữ liệu,Sai: Thiết kế kho dữ liệu thuộc kỹ thuật dữ liệu.,A,section_1.1.3.csv
69,"Trong bước xử lý dữ liệu, phân tích dữ liệu đóng vai trò gì?",Xây dựng mô hình học máy,Sai: Xây dựng mô hình thuộc học máy.,Đánh giá chất lượng dữ liệu và đề xuất xử lý,Đúng: Phân tích dữ liệu phát hiện bất thường và đề xuất cách xử lý dữ liệu.,Thiết kế hệ thống lưu trữ,Sai: Thiết kế hệ thống thuộc kỹ thuật dữ liệu.,Triển khai mô hình,Sai: Triển khai thuộc kỹ thuật dữ liệu và học máy.,B,section_1.1.3.csv
70,Phân tích dữ liệu hỗ trợ bước đánh giá mô hình bằng cách nào?,Xây dựng công cụ truy vấn dữ liệu,Sai: Xây dựng công cụ truy vấn thuộc kỹ thuật dữ liệu.,Đánh giá hiệu suất bằng chỉ số thống kê,Đúng: Phân tích dữ liệu dùng các chỉ số thống kê để đánh giá và diễn giải kết quả mô hình.,Huấn luyện mô hình học máy,Sai: Huấn luyện mô hình thuộc học máy.,Tự động hóa thu thập dữ liệu,Sai: Tự động hóa thuộc kỹ thuật dữ liệu.,B,section_1.1.3.csv
71,Học máy tập trung vào mục tiêu nào?,Khám phá xu hướng trong dữ liệu,Sai: Khám phá xu hướng thuộc phân tích dữ liệu.,Xây dựng mô hình tự động học từ dữ liệu,Đúng: Học máy tạo mô hình dự đoán hoặc ra quyết định dựa trên dữ liệu.,Thiết kế kho dữ liệu,Sai: Thiết kế kho dữ liệu thuộc kỹ thuật dữ liệu.,Trực quan hóa dữ liệu,Sai: Trực quan hóa thuộc phân tích dữ liệu.,B,section_1.1.3.csv
72,Học có giám sát (supervised learning) được dùng cho bài toán nào?,Phân loại email và dự đoán giá,Đúng: Học có giám sát dùng cho các bài toán như phân loại (classification) và hồi quy (regression).,Phân nhóm khách hàng,Sai: Phân nhóm thuộc học không giám sát.,Tối ưu hóa phần thưởng,Sai: Tối ưu hóa phần thưởng thuộc học tăng cường.,Thiết kế data pipeline,Sai: Thiết kế data pipeline thuộc kỹ thuật dữ liệu.,A,section_1.1.3.csv
73,Học không giám sát (unsupervised learning) có mục tiêu gì?,Dự đoán giá trị dựa trên nhãn,Sai: Dự đoán dựa trên nhãn thuộc học có giám sát.,Khám phá cấu trúc ẩn trong dữ liệu,Đúng: Học không giám sát tìm cấu trúc như phân nhóm hoặc giảm chiều dữ liệu.,Tối ưu hóa phần thưởng,Sai: Tối ưu hóa phần thưởng thuộc học tăng cường.,Xây dựng kho dữ liệu,Sai: Xây dựng kho dữ liệu thuộc kỹ thuật dữ liệu.,B,section_1.1.3.csv
74,Học tăng cường (reinforcement learning) được ứng dụng trong lĩnh vực nào?,Phân loại văn bản,Sai: Phân loại văn bản thuộc học có giám sát.,Robot học và trò chơi,"Đúng: Học tăng cường tối ưu hóa phần thưởng trong robot học, trò chơi, và chiến lược ra quyết định.",Phân tích thống kê mô tả,Sai: Phân tích thống kê thuộc phân tích dữ liệu.,Xây dựng data pipeline,Sai: Xây dựng data pipeline thuộc kỹ thuật dữ liệu.,B,section_1.1.3.csv
75,Học máy đóng vai trò chính ở bước nào trong chu trình khoa học dữ liệu?,Thu thập dữ liệu,Sai: Thu thập dữ liệu thuộc kỹ thuật dữ liệu.,Xây dựng mô hình,Đúng: Học máy tập trung vào việc chọn và huấn luyện mô hình dự đoán.,Khai phá dữ liệu,Sai: Khai phá dữ liệu thuộc phân tích dữ liệu.,Trình bày kết quả,Sai: Trình bày kết quả thuộc phân tích dữ liệu.,B,section_1.1.3.csv
76,Học máy hỗ trợ bước xử lý dữ liệu như thế nào?,Điền giá trị thiếu và thay thế giá trị ngoại lai,Đúng: Học máy có thể dùng để xử lý giá trị thiếu hoặc ngoại lai trong dữ liệu.,Xây dựng công cụ truy vấn,Sai: Xây dựng công cụ truy vấn thuộc kỹ thuật dữ liệu.,Phân tích thống kê mô tả,Sai: Phân tích thống kê thuộc phân tích dữ liệu.,Thiết kế kho dữ liệu,Sai: Thiết kế kho dữ liệu thuộc kỹ thuật dữ liệu.,A,section_1.1.3.csv
77,Học máy đánh giá mô hình dựa trên yếu tố nào?,Chỉ số thống kê và tránh khớp quá mức,Đúng: Học máy dùng chỉ số thống kê và kiểm tra để tránh hiện tượng quá khớp.,Xây dựng data pipeline,Sai: Xây dựng data pipeline thuộc kỹ thuật dữ liệu.,Trực quan hóa dữ liệu,Sai: Trực quan hóa thuộc phân tích dữ liệu.,Tự động hóa thu thập dữ liệu,Sai: Tự động hóa thuộc kỹ thuật dữ liệu.,A,section_1.1.3.csv
78,Học máy hỗ trợ triển khai và giám sát như thế nào?,Xây dựng kho dữ liệu,Sai: Xây dựng kho dữ liệu thuộc kỹ thuật dữ liệu.,Giám sát hiệu suất và cập nhật mô hình,Đúng: Học máy giám sát mô hình và cập nhật khi dữ liệu mới xuất hiện.,Phân tích thống kê mô tả,Sai: Phân tích thống kê thuộc phân tích dữ liệu.,Trực quan hóa dữ liệu,Sai: Trực quan hóa thuộc phân tích dữ liệu.,B,section_1.1.3.csv
79,Mô hình nào không thuộc học máy?,Hồi quy tuyến tính,Sai: Hồi quy tuyến tính là mô hình học máy.,Random forest,Sai: Random forest là mô hình học máy.,Thống kê mô tả,"Đúng: Thống kê mô tả thuộc phân tích dữ liệu, không phải học máy.",Neural networks,Sai: Neural networks là mô hình học máy.,C,section_1.1.3.csv
80,Học máy khác với phân tích dữ liệu ở điểm nào?,Tập trung vào tự động hóa và dự đoán,"Đúng: Học máy tập trung vào tự động hóa học và dự đoán, trong khi phân tích dữ liệu tập trung vào khám phá.",Tập trung vào thu thập dữ liệu,Sai: Thu thập dữ liệu thuộc kỹ thuật dữ liệu.,Tập trung vào thiết kế kho dữ liệu,Sai: Thiết kế kho dữ liệu thuộc kỹ thuật dữ liệu.,Tập trung vào thống kê mô tả,Sai: Thống kê mô tả thuộc phân tích dữ liệu.,A,section_1.1.3.csv
81,Dữ liệu là gì?,Thông tin đã được xử lý và có ý nghĩa,"Sai: Dữ liệu là thông tin thô, chưa được xử lý để trở nên có ý nghĩa.","Tập hợp các sự kiện, quan sát, con số, ký tự thô",Đúng: Dữ liệu là tập hợp thông tin thô cần được tổ chức để rút ra thông tin.,Công cụ để phân tích và ra quyết định,Sai: Công cụ phân tích không phải là dữ liệu mà là phương pháp xử lý dữ liệu.,Hệ thống lưu trữ cơ sở dữ liệu,Sai: Hệ thống lưu trữ không phải là dữ liệu mà là nơi chứa dữ liệu.,B,section_1.2.csv
82,Dữ liệu có cấu trúc được lưu trữ ở đâu?,Cơ sở dữ liệu quan hệ và bảng tính,Đúng: Dữ liệu có cấu trúc được lưu trong cơ sở dữ liệu quan hệ (SQL) hoặc bảng tính như Excel.,Tệp văn bản không phân tách,Sai: Tệp văn bản không phân tách thường là dữ liệu phi cấu trúc.,Hình ảnh và video,Sai: Hình ảnh và video thuộc dữ liệu phi cấu trúc.,Tệp PDF,Sai: PDF thường chứa dữ liệu phi cấu trúc.,A,section_1.2.csv
83,Đặc điểm của dữ liệu có cấu trúc là gì?,Không tuân theo lược đồ cố định,"Sai: Dữ liệu có cấu trúc tuân theo lược đồ cố định, như bảng với hàng và cột.",Có định dạng rõ ràng và dễ xử lý bằng công cụ truyền thống,"Đúng: Dữ liệu có cấu trúc có định dạng bảng, dễ xử lý bằng SQL hoặc Excel.",Chứa thẻ phân cấp như XML,Sai: Thẻ phân cấp thuộc dữ liệu bán cấu trúc.,Không thể lưu trong cơ sở dữ liệu,Sai: Dữ liệu có cấu trúc được lưu trong cơ sở dữ liệu quan hệ.,B,section_1.2.csv
84,Dữ liệu bán cấu trúc có đặc điểm gì?,Có cấu trúc cố định như bảng,Sai: Dữ liệu bán cấu trúc không có cấu trúc cố định mà chứa thẻ hoặc thuộc tính.,Chứa thẻ hoặc thuộc tính để nhóm thông tin,"Đúng: Dữ liệu bán cấu trúc như XML, JSON chứa thẻ hoặc thuộc tính phân cấp.",Không thể xử lý bằng công cụ phân tích,Sai: Dữ liệu bán cấu trúc có thể xử lý bằng công cụ như JSON hoặc XML parsers.,Chỉ lưu trữ trong cơ sở dữ liệu quan hệ,Sai: Dữ liệu bán cấu trúc thường dùng NoSQL hoặc tệp XML/JSON.,B,section_1.2.csv
85,Ví dụ nào là dữ liệu bán cấu trúc?,Tệp Excel,Sai: Excel chứa dữ liệu có cấu trúc.,Tệp âm thanh MP3,Sai: Âm thanh MP3 là dữ liệu phi cấu trúc.,Tài liệu XML,Đúng: XML là dữ liệu bán cấu trúc với thẻ phân cấp.,Hình ảnh PNG,Sai: Hình ảnh PNG là dữ liệu phi cấu trúc.,C,section_1.2.csv
86,Dữ liệu phi cấu trúc thường được lưu trữ ở đâu?,Cơ sở dữ liệu quan hệ,Sai: Cơ sở dữ liệu quan hệ phù hợp với dữ liệu có cấu trúc.,Cơ sở dữ liệu NoSQL và tệp văn bản,"Đúng: Dữ liệu phi cấu trúc như văn bản, hình ảnh được lưu trong NoSQL hoặc tệp.",Bảng tính Excel,Sai: Excel phù hợp với dữ liệu có cấu trúc.,API dịch vụ web,"Sai: API cung cấp dữ liệu, không phải nơi lưu trữ.",B,section_1.2.csv
87,Ví dụ nào là dữ liệu phi cấu trúc?,Danh sách khách hàng trong SQL,Sai: Danh sách khách hàng trong SQL là dữ liệu có cấu trúc.,Hình ảnh và tệp PDF,"Đúng: Hình ảnh và PDF là dữ liệu phi cấu trúc, không có định dạng cố định.",Tệp CSV,Sai: CSV là dữ liệu có cấu trúc với dấu phân tách.,Tệp JSON,Sai: JSON là dữ liệu bán cấu trúc.,B,section_1.2.csv
88,Tại sao dữ liệu phi cấu trúc khó lưu trữ trong cơ sở dữ liệu quan hệ?,Do thiếu định dạng cụ thể và quy tắc cú pháp,"Đúng: Dữ liệu phi cấu trúc không có cấu trúc cố định, khó lưu trong bảng quan hệ.",Do chứa quá nhiều thông tin,Sai: Lượng thông tin không phải lý do chính; vấn đề là thiếu cấu trúc.,Do chỉ lưu được trong Excel,Sai: Dữ liệu phi cấu trúc không giới hạn ở Excel.,Do không thể phân tích,Sai: Dữ liệu phi cấu trúc có thể phân tích bằng công cụ phù hợp.,A,section_1.2.csv
89,Tệp CSV sử dụng dấu phân tách nào?,"Dấu phẩy (,)",Đúng: CSV (Comma-Separated Values) sử dụng dấu phẩy làm dấu phân tách.,Dấu hai chấm (:),Sai: Dấu hai chấm không phải dấu phân tách mặc định của CSV.,Ký tự tab,"Sai: Ký tự tab dùng trong TSV, không phải CSV.",Thẻ phân cấp,"Sai: Thẻ phân cấp thuộc XML hoặc JSON, không phải CSV.",A,section_1.2.csv
90,Tệp TSV khác với CSV ở điểm nào?,Sử dụng ký tự tab làm dấu phân tách,"Đúng: TSV (Tab-Separated Values) dùng ký tự tab, còn CSV dùng dấu phẩy.",Chứa cấu trúc phân cấp,"Sai: Cấu trúc phân cấp thuộc XML hoặc JSON, không phải TSV.",Không có tiêu đề cột,Sai: TSV thường có tiêu đề cột giống CSV.,Chỉ lưu dữ liệu phi cấu trúc,Sai: TSV lưu dữ liệu có cấu trúc.,A,section_1.2.csv
91,Bảng tính Excel có đặc điểm gì?,Chứa cấu trúc hàng và cột với ô dữ liệu,"Đúng: Excel lưu dữ liệu dạng bảng với hàng, cột và ô dữ liệu.",Chứa thẻ phân cấp như XML,Sai: Excel không sử dụng thẻ phân cấp.,Không hỗ trợ tính toán,Sai: Excel hỗ trợ nhiều chức năng tính toán.,Chỉ lưu dữ liệu phi cấu trúc,Sai: Excel chủ yếu lưu dữ liệu có cấu trúc.,A,section_1.2.csv
92,XML được sử dụng để làm gì?,Lưu trữ dữ liệu phi cấu trúc như hình ảnh,"Sai: XML lưu dữ liệu bán cấu trúc, không phải phi cấu trúc như hình ảnh.",Truyền tải dữ liệu theo cấu trúc phân cấp,"Đúng: XML dùng để mô tả dữ liệu phân cấp, phổ biến trong truyền tải qua Internet.",Thực hiện tính toán như Excel,Sai: XML không hỗ trợ tính toán như Excel.,Lưu trữ video và âm thanh,"Sai: Video và âm thanh thuộc dữ liệu phi cấu trúc, không phải XML.",B,section_1.2.csv
93,PDF thường được dùng trong trường hợp nào?,Lưu trữ dữ liệu có cấu trúc,Sai: PDF chủ yếu chứa dữ liệu phi cấu trúc như văn bản và hình ảnh.,Trình bày văn bản và hình ảnh thống nhất,Đúng: PDF đảm bảo hiển thị thống nhất trên mọi nền tảng.,Thực hiện truy vấn SQL,"Sai: SQL dùng cho cơ sở dữ liệu quan hệ, không phải PDF.",Truyền tải dữ liệu qua API,"Sai: API truyền tải dữ liệu, không phải PDF.",B,section_1.2.csv
94,JSON có đặc điểm gì?,Chứa dữ liệu dạng cặp khóa-giá trị,"Đúng: JSON lưu trữ dữ liệu dạng cặp khóa-giá trị, dễ truyền tải qua web.",Sử dụng dấu phẩy làm phân tách,Sai: JSON không dùng dấu phẩy như CSV mà có cấu trúc phân cấp.,Chỉ lưu trữ trong cơ sở dữ liệu quan hệ,Sai: JSON thường dùng trong NoSQL hoặc truyền tải qua web.,Không tương thích với các ngôn ngữ lập trình,Sai: JSON tương thích cao với hầu hết các ngôn ngữ lập trình.,A,section_1.2.csv
95,Định dạng nào phù hợp với dữ liệu bán cấu trúc?,CSV,Sai: CSV phù hợp với dữ liệu có cấu trúc.,JSON,Đúng: JSON là định dạng phổ biến cho dữ liệu bán cấu trúc.,PDF,Sai: PDF chủ yếu chứa dữ liệu phi cấu trúc.,Excel,Sai: Excel chủ yếu chứa dữ liệu có cấu trúc.,B,section_1.2.csv
96,Tệp văn bản phân tách thường có đặc điểm gì?,Dòng đầu tiên là tiêu đề cột,Đúng: Tệp CSV và TSV thường có dòng đầu là tiêu đề cột.,Chứa cấu trúc phân cấp như XML,Sai: Tệp văn bản phân tách không có cấu trúc phân cấp.,Không thể xử lý bằng phần mềm phân tích,Sai: Tệp văn bản phân tách dễ xử lý bằng phần mềm như Excel hoặc Python.,Chỉ lưu dữ liệu phi cấu trúc,Sai: Tệp văn bản phân tách chứa dữ liệu có cấu trúc.,A,section_1.2.csv
97,Nguồn dữ liệu nào cung cấp dữ liệu có cấu trúc?,Cơ sở dữ liệu quan hệ,"Đúng: Cơ sở dữ liệu quan hệ như SQL Server, MySQL lưu dữ liệu có cấu trúc.",Hình ảnh và video,Sai: Hình ảnh và video là dữ liệu phi cấu trúc.,Tệp PDF,Sai: PDF chứa dữ liệu phi cấu trúc.,Dữ liệu từ mạng xã hội,Sai: Dữ liệu mạng xã hội thường là phi cấu trúc.,A,section_1.2.csv
98,API được sử dụng để làm gì?,Trích xuất dữ liệu từ trang web không có API,"Sai: Trích xuất từ trang web thuộc về web scraping, không phải API.",Truy cập dữ liệu từ hệ thống khác qua cổng kết nối,"Đúng: API cho phép truy cập dữ liệu từ hệ thống như Twitter, thị trường chứng khoán.",Lưu trữ dữ liệu có cấu trúc,Sai: API không lưu trữ mà cung cấp dữ liệu.,Xử lý dữ liệu phi cấu trúc,Sai: Xử lý dữ liệu phi cấu trúc không phải chức năng chính của API.,B,section_1.2.csv
99,Web scraping được dùng trong trường hợp nào?,Truy xuất dữ liệu qua API công khai,Sai: API công khai không cần web scraping.,Trích xuất dữ liệu từ trang web không có API,Đúng: Web scraping dùng để lấy dữ liệu từ trang web không cung cấp API.,Lưu trữ dữ liệu trong cơ sở dữ liệu quan hệ,"Sai: Lưu trữ thuộc về cơ sở dữ liệu, không phải web scraping.",Xử lý dữ liệu thời gian thực,Sai: Xử lý thời gian thực thuộc các nền tảng như Kafka.,B,section_1.2.csv
100,Nguồn dữ liệu nào cung cấp dữ liệu thời gian thực?,Tệp CSV tĩnh,Sai: Tệp CSV tĩnh không cung cấp dữ liệu thời gian thực.,Thiết bị IoT và cảm biến,"Đúng: Thiết bị IoT, cảm biến cung cấp dữ liệu liên tục, thời gian thực.",Bảng tính Excel,"Sai: Excel lưu dữ liệu tĩnh, không phải thời gian thực.",Tệp PDF,Sai: PDF không cung cấp dữ liệu thời gian thực.,B,section_1.2.csv
101,Nền tảng nào được dùng để xử lý dữ liệu thời gian thực?,Apache Kafka và Spark Streaming,Đúng: Kafka và Spark Streaming là các nền tảng xử lý dữ liệu thời gian thực.,Microsoft Excel,Sai: Excel không hỗ trợ xử lý dữ liệu thời gian thực.,SQL Server,"Sai: SQL Server chủ yếu xử lý dữ liệu có cấu trúc, không phải thời gian thực.",Tệp JSON tĩnh,Sai: JSON tĩnh không hỗ trợ dữ liệu thời gian thực.,A,section_1.2.csv
102,SQL được sử dụng để làm gì?,Xây dựng mô hình học máy,"Sai: Xây dựng mô hình học máy thuộc Python hoặc R, không phải SQL.",Truy xuất và thao tác dữ liệu quan hệ,Đúng: SQL là ngôn ngữ tiêu chuẩn để truy vấn và thao tác dữ liệu trong cơ sở dữ liệu quan hệ.,Trích xuất dữ liệu từ trang web,Sai: Trích xuất dữ liệu từ trang web thuộc web scraping.,Xử lý dữ liệu phi cấu trúc,Sai: SQL không phù hợp với dữ liệu phi cấu trúc.,B,section_1.2.csv
103,Python có ưu điểm gì trong khoa học dữ liệu?,"Hệ sinh thái thư viện phong phú như Pandas, Scikit-learn",Đúng: Python có nhiều thư viện hỗ trợ khoa học dữ liệu và học máy.,Chỉ dùng để truy vấn cơ sở dữ liệu,"Sai: Truy vấn cơ sở dữ liệu thuộc SQL, không phải Python.",Không tương thích với phân tích dữ liệu,Sai: Python rất mạnh trong phân tích dữ liệu.,Chỉ hỗ trợ dữ liệu phi cấu trúc,Sai: Python hỗ trợ cả dữ liệu có cấu trúc và phi cấu trúc.,A,section_1.2.csv
104,R được thiết kế chuyên biệt cho mục đích nào?,Truy vấn cơ sở dữ liệu quan hệ,Sai: Truy vấn cơ sở dữ liệu thuộc SQL.,Thống kê và trực quan hóa dữ liệu,"Đúng: R chuyên về thống kê và trực quan hóa với thư viện như ggplot2, dplyr.",Xử lý dữ liệu thời gian thực,Sai: Xử lý thời gian thực thuộc các nền tảng như Kafka.,Trích xuất dữ liệu từ web,Sai: Trích xuất từ web thuộc web scraping.,B,section_1.2.csv
105,Unix/Linux Shell được dùng để làm gì?,Xây dựng mô hình học máy,Sai: Xây dựng mô hình thuộc Python hoặc R.,"Tự động hóa các tác vụ như sao lưu, xử lý tệp",Đúng: Shell dùng để tự động hóa các tác vụ lặp lại.,Truy vấn cơ sở dữ liệu quan hệ,Sai: Truy vấn cơ sở dữ liệu thuộc SQL.,Xử lý dữ liệu phi cấu trúc,Sai: Shell không chuyên về dữ liệu phi cấu trúc.,B,section_1.2.csv
106,PowerShell có khả năng gì?,Chỉ dùng để truy vấn cơ sở dữ liệu,"Sai: Truy vấn cơ sở dữ liệu thuộc SQL, không phải PowerShell.","Làm việc với JSON, XML và tạo dashboard","Đúng: PowerShell hỗ trợ dữ liệu có cấu trúc và tạo báo cáo, dashboard.",Chỉ xử lý dữ liệu phi cấu trúc,Sai: PowerShell không giới hạn ở dữ liệu phi cấu trúc.,Không tương thích với API,Sai: PowerShell có thể làm việc với REST API.,B,section_1.2.csv
107,Ngôn ngữ nào phù hợp để truy vấn cơ sở dữ liệu quan hệ?,Python,Sai: Python có thể truy vấn nhưng không phải ngôn ngữ chuyên biệt.,R,"Sai: R chuyên về thống kê, không phải truy vấn cơ sở dữ liệu.",SQL,Đúng: SQL là ngôn ngữ tiêu chuẩn để truy vấn và thao tác cơ sở dữ liệu quan hệ.,Unix Shell,Sai: Unix Shell không chuyên về truy vấn cơ sở dữ liệu.,C,section_1.2.csv
108,Thư viện nào của Python hỗ trợ phân tích dữ liệu?,NumPy và Pandas,Đúng: NumPy và Pandas là các thư viện cốt lõi cho phân tích dữ liệu trong Python.,ggplot2,"Sai: ggplot2 là thư viện của R, không phải Python.",SQL Server,"Sai: SQL Server là hệ quản trị cơ sở dữ liệu, không phải thư viện.",Scrapy,"Sai: Scrapy dùng cho web scraping, không phải phân tích dữ liệu.",A,section_1.2.csv
109,Công cụ nào được dùng cho web scraping?,SQL,"Sai: SQL dùng để truy vấn cơ sở dữ liệu, không phải web scraping.",Scrapy và Selenium,Đúng: Scrapy và Selenium là các công cụ phổ biến để trích xuất dữ liệu từ web.,Excel,Sai: Excel không dùng để trích xuất dữ liệu từ web.,JSON,"Sai: JSON là định dạng dữ liệu, không phải công cụ web scraping.",B,section_1.2.csv
110,Nguồn dữ liệu nào phù hợp với phân tích giao dịch bán lẻ?,Cơ sở dữ liệu quan hệ,Đúng: Cơ sở dữ liệu quan hệ như SQL Server phù hợp để lưu và phân tích dữ liệu giao dịch.,Tệp PDF,"Sai: PDF chứa dữ liệu phi cấu trúc, không phù hợp với giao dịch.",Hình ảnh JPEG,"Sai: Hình ảnh là dữ liệu phi cấu trúc, không phù hợp với giao dịch.",Tệp âm thanh MP3,"Sai: Âm thanh là dữ liệu phi cấu trúc, không phù hợp với giao dịch.",A,section_1.2.csv
111,Kỹ thuật dữ liệu có vai trò gì trong khoa học dữ liệu?,Xây dựng mô hình học máy,"Sai: Xây dựng mô hình học máy thuộc khoa học dữ liệu, không phải kỹ thuật dữ liệu.",Thiết kế và duy trì hạ tầng dữ liệu,"Đúng: Kỹ thuật dữ liệu tập trung vào thu thập, xử lý, lưu trữ và cung cấp dữ liệu.",Phân tích và diễn giải xu hướng dữ liệu,Sai: Phân tích xu hướng thuộc phân tích dữ liệu.,Trực quan hóa dữ liệu,Sai: Trực quan hóa thuộc phân tích dữ liệu.,B,section_1.3.csv
112,Phần lớn thời gian trong dự án khoa học dữ liệu được dành cho hoạt động nào?,Xây dựng mô hình dự đoán,Sai: Xây dựng mô hình chỉ chiếm một phần nhỏ thời gian.,"Thu thập, chuẩn hóa và làm sạch dữ liệu","Đúng: Khoảng 70–80% thời gian dành cho thu thập, chuẩn hóa, và làm sạch dữ liệu.",Trực quan hóa báo cáo,"Sai: Trực quan hóa là bước sau, không chiếm nhiều thời gian.",Đánh giá hiệu suất mô hình,"Sai: Đánh giá mô hình là bước cuối, chiếm ít thời gian.",B,section_1.3.csv
113,Kỹ thuật dữ liệu được xem là gì trong hệ thống phân tích?,Cầu nối giữa dữ liệu thô và dữ liệu có giá trị phân tích,Đúng: Kỹ thuật dữ liệu chuyển hóa dữ liệu thô thành dữ liệu sẵn sàng cho phân tích.,Công cụ xây dựng mô hình học máy,Sai: Xây dựng mô hình thuộc khoa học dữ liệu.,Phương pháp phân tích thống kê,Sai: Phân tích thống kê thuộc phân tích dữ liệu.,Hệ thống trực quan hóa dữ liệu,Sai: Trực quan hóa thuộc phân tích dữ liệu.,A,section_1.3.csv
114,Mục tiêu chính của kỹ thuật dữ liệu là gì?,Phân tích xu hướng dữ liệu,Sai: Phân tích xu hướng thuộc phân tích dữ liệu.,Cung cấp dữ liệu chất lượng cao cho phân tích,Đúng: Kỹ thuật dữ liệu đảm bảo dữ liệu chất lượng cao cho phân tích và ra quyết định.,Huấn luyện mô hình học máy,Sai: Huấn luyện mô hình thuộc khoa học dữ liệu.,Trình bày báo cáo trực quan,Sai: Báo cáo trực quan thuộc phân tích dữ liệu.,B,section_1.3.csv
115,Chu trình kỹ thuật dữ liệu bao gồm mấy giai đoạn chính?,Ba giai đoạn,Sai: Chu trình kỹ thuật dữ liệu có năm giai đoạn chính.,Năm giai đoạn,"Đúng: Bao gồm xác định nguồn, lưu trữ, thu nạp, biến đổi, và phục vụ dữ liệu.",Bảy giai đoạn,Sai: Không có bảy giai đoạn trong chu trình kỹ thuật dữ liệu.,Mười giai đoạn,Sai: Chu trình không có mười giai đoạn.,B,section_1.3.csv
116,Giai đoạn nào không thuộc chu trình kỹ thuật dữ liệu?,Thu nạp dữ liệu,Sai: Thu nạp dữ liệu là một giai đoạn trong chu trình.,Phân tích thống kê,"Đúng: Phân tích thống kê thuộc phân tích dữ liệu, không phải kỹ thuật dữ liệu.",Lưu trữ dữ liệu,Sai: Lưu trữ dữ liệu là một giai đoạn trong chu trình.,Biến đổi dữ liệu,Sai: Biến đổi dữ liệu là một giai đoạn trong chu trình.,B,section_1.3.csv
117,Ai là đối tượng thụ hưởng chính của chu trình kỹ thuật dữ liệu?,Nhà phân tích dữ liệu và kỹ sư học máy,"Đúng: Chu trình kỹ thuật dữ liệu cung cấp dữ liệu cho nhà phân tích, kỹ sư học máy và hệ thống thông minh.",Người dùng cuối không cần phân tích,Sai: Người dùng cuối không phải đối tượng chính của kỹ thuật dữ liệu.,Lập trình viên phần mềm,Sai: Lập trình viên phần mềm không phải đối tượng chính.,Nhà thiết kế giao diện,Sai: Nhà thiết kế giao diện không liên quan trực tiếp đến kỹ thuật dữ liệu.,A,section_1.3.csv
118,Kỹ thuật dữ liệu khác với khoa học dữ liệu ở điểm nào?,Tập trung vào phân tích và xây dựng mô hình,Sai: Phân tích và xây dựng mô hình thuộc khoa học dữ liệu.,Tập trung vào hạ tầng và xử lý dữ liệu,Đúng: Kỹ thuật dữ liệu thiết kế và duy trì hạ tầng dữ liệu.,Chỉ thực hiện trực quan hóa dữ liệu,Sai: Trực quan hóa thuộc phân tích dữ liệu.,Không liên quan đến dữ liệu thô,Sai: Kỹ thuật dữ liệu xử lý dữ liệu thô.,B,section_1.3.csv
119,Giai đoạn xác định nguồn sinh dữ liệu tập trung vào điều gì?,Xây dựng mô hình học máy,"Sai: Xây dựng mô hình thuộc khoa học dữ liệu, không phải xác định nguồn.",Xác định hệ thống tạo ra dữ liệu,"Đúng: Giai đoạn này xác định nguồn như CRM, giao dịch, hoặc API.",Phân tích xu hướng dữ liệu,Sai: Phân tích xu hướng thuộc phân tích dữ liệu.,Trực quan hóa dữ liệu,Sai: Trực quan hóa thuộc phân tích dữ liệu.,B,section_1.3.csv
120,Ví dụ nào là hệ thống nguồn sinh dữ liệu?,Cơ sở dữ liệu giao dịch ngân hàng,Đúng: Cơ sở dữ liệu giao dịch là nguồn sinh dữ liệu phổ biến.,Công cụ trực quan hóa như Tableau,"Sai: Tableau dùng để trực quan hóa, không phải nguồn sinh dữ liệu.",Mô hình học máy,"Sai: Mô hình học máy sử dụng dữ liệu, không tạo ra dữ liệu.",Báo cáo phân tích,"Sai: Báo cáo là kết quả phân tích, không phải nguồn dữ liệu.",A,section_1.3.csv
121,Yếu tố nào cần xem xét khi xác định nguồn sinh dữ liệu?,Tính ổn định của cấu trúc dữ liệu,Đúng: Tính ổn định của schema ảnh hưởng đến thiết kế pipeline dữ liệu.,Màu sắc giao diện hệ thống,Sai: Màu sắc giao diện không liên quan đến nguồn dữ liệu.,Loại phần mềm trực quan hóa,Sai: Phần mềm trực quan hóa không liên quan đến nguồn dữ liệu.,Kích thước màn hình người dùng,Sai: Kích thước màn hình không ảnh hưởng đến nguồn dữ liệu.,A,section_1.3.csv
122,Hệ thống CRM tạo ra dữ liệu về gì?,Hành vi và lịch sử tương tác khách hàng,"Đúng: CRM ghi nhận hành vi, phản hồi và lịch sử tương tác khách hàng.",Mô hình dự đoán học máy,"Sai: Mô hình dự đoán thuộc khoa học dữ liệu, không phải CRM.",Báo cáo trực quan hóa,"Sai: Báo cáo trực quan hóa là kết quả, không phải dữ liệu từ CRM.",Dữ liệu hình ảnh và video,Sai: CRM không tạo dữ liệu hình ảnh hoặc video.,A,section_1.3.csv
123,Tính chất nào của hệ thống nguồn ảnh hưởng đến pipeline dữ liệu?,Tần suất và tốc độ cập nhật dữ liệu,Đúng: Tần suất cập nhật ảnh hưởng đến thiết kế pipeline (batch hay streaming).,Màu sắc giao diện hệ thống,Sai: Màu sắc giao diện không ảnh hưởng đến pipeline.,Loại công cụ phân tích,Sai: Công cụ phân tích không liên quan đến hệ thống nguồn.,Kích thước tệp báo cáo,Sai: Kích thước báo cáo không ảnh hưởng đến pipeline.,A,section_1.3.csv
124,Dữ liệu từ API của IMF hoặc World Bank thuộc loại nào?,"Dữ liệu vĩ mô về kinh tế, xã hội","Đúng: API của IMF, World Bank cung cấp dữ liệu vĩ mô như chỉ số kinh tế.",Dữ liệu hình ảnh và video,Sai: API này không cung cấp dữ liệu hình ảnh hoặc video.,Dữ liệu thời gian thực từ IoT,Sai: Dữ liệu IoT không phải từ IMF hoặc World Bank.,Dữ liệu phân tích thống kê,"Sai: Phân tích thống kê là kết quả, không phải dữ liệu từ API.",A,section_1.3.csv
125,Tại sao xác định nguồn sinh dữ liệu là nền móng của kỹ thuật dữ liệu?,Đảm bảo chất lượng đầu vào cho phân tích,Đúng: Xác định nguồn đúng đảm bảo dữ liệu chất lượng cho các bước sau.,Tạo ra mô hình học máy,"Sai: Mô hình học máy thuộc khoa học dữ liệu, không phải xác định nguồn.",Trực quan hóa dữ liệu,Sai: Trực quan hóa thuộc phân tích dữ liệu.,Thiết kế giao diện hệ thống,Sai: Thiết kế giao diện không liên quan đến xác định nguồn.,A,section_1.3.csv
126,Hệ thống nguồn thường được thiết kế với mục đích gì?,Phân tích dữ liệu,Sai: Hệ thống nguồn không được thiết kế cho phân tích mà để ghi nhận dữ liệu.,Ghi nhận dữ liệu ban đầu,Đúng: Hệ thống nguồn tạo và ghi nhận dữ liệu từ hoạt động thực tế.,Xây dựng mô hình học máy,"Sai: Mô hình học máy sử dụng dữ liệu, không tạo dữ liệu.",Trực quan hóa báo cáo,"Sai: Trực quan hóa là bước sau, không phải mục đích của hệ thống nguồn.",B,section_1.3.csv
127,Cơ sở dữ liệu quan hệ phù hợp để lưu trữ dữ liệu nào?,Dữ liệu có cấu trúc dạng bảng,"Đúng: Cơ sở dữ liệu quan hệ lưu dữ liệu có cấu trúc như bảng kế toán, bán hàng.",Dữ liệu phi cấu trúc như video,"Sai: Video thuộc dữ liệu phi cấu trúc, phù hợp với NoSQL hoặc data lake.",Dữ liệu thời gian thực từ IoT,"Sai: Dữ liệu thời gian thực cần hệ thống streaming, không chỉ cơ sở quan hệ.",Dữ liệu phân tích thống kê,"Sai: Phân tích thống kê là kết quả, không phải dữ liệu lưu trữ.",A,section_1.3.csv
128,Kho dữ liệu (data warehouse) có mục đích gì?,Lưu trữ dữ liệu thô chưa qua xử lý,"Sai: Dữ liệu thô được lưu trong data lake, không phải data warehouse.",Hỗ trợ truy vấn và phân tích hiệu suất cao,Đúng: Data warehouse lưu dữ liệu đã chuẩn hóa để phân tích và báo cáo.,Xây dựng mô hình học máy,"Sai: Mô hình học máy thuộc khoa học dữ liệu, không phải mục đích của data warehouse.",Trực quan hóa dữ liệu,"Sai: Trực quan hóa là bước sau, không phải mục đích của data warehouse.",B,section_1.3.csv
129,Hồ dữ liệu (data lake) khác với kho dữ liệu ở điểm nào?,Lưu trữ dữ liệu thô ở nhiều định dạng,"Đúng: Data lake lưu dữ liệu thô, chưa xử lý, ở nhiều định dạng như văn bản, hình ảnh.",Chỉ lưu dữ liệu có cấu trúc,Sai: Dữ liệu có cấu trúc phù hợp với cơ sở dữ liệu quan hệ hoặc data warehouse.,Không hỗ trợ phân tích,"Sai: Data lake hỗ trợ phân tích, đặc biệt cho học máy và khai phá dữ liệu.",Không thể mở rộng,Sai: Data lake có khả năng mở rộng cao.,A,section_1.3.csv
130,Data mart là gì?,Hệ thống lưu trữ dữ liệu thô,"Sai: Dữ liệu thô được lưu trong data lake, không phải data mart.",Phần nhỏ của kho dữ liệu phục vụ bộ phận cụ thể,"Đúng: Data mart tập trung dữ liệu cho các bộ phận như marketing, tài chính.",Công cụ trực quan hóa dữ liệu,"Sai: Trực quan hóa thuộc các công cụ như Tableau, không phải data mart.",Mô hình học máy,Sai: Mô hình học máy không phải là data mart.,B,section_1.3.csv
131,Yếu tố nào cần xem xét khi thiết kế hệ thống lưu trữ?,Khả năng mở rộng và độ an toàn dữ liệu,Đúng: Hệ thống lưu trữ cần mở rộng được và đảm bảo bảo mật.,Màu sắc giao diện hệ thống,Sai: Màu sắc giao diện không liên quan đến lưu trữ dữ liệu.,Loại công cụ phân tích thống kê,Sai: Công cụ phân tích không ảnh hưởng trực tiếp đến lưu trữ.,Kích thước màn hình người dùng,Sai: Kích thước màn hình không liên quan đến lưu trữ.,A,section_1.3.csv
132,Cơ sở dữ liệu NoSQL phù hợp với dữ liệu nào?,Dữ liệu bán cấu trúc và phi cấu trúc,"Đúng: NoSQL như MongoDB, Cassandra phù hợp với dữ liệu JSON, video, văn bản.",Dữ liệu có cấu trúc dạng bảng,Sai: Dữ liệu có cấu trúc phù hợp với cơ sở dữ liệu quan hệ.,Dữ liệu phân tích thống kê,"Sai: Phân tích thống kê là kết quả, không phải dữ liệu lưu trữ.",Dữ liệu chỉ dùng cho trực quan hóa,Sai: Trực quan hóa không phải tiêu chí lưu trữ.,A,section_1.3.csv
133,Nền tảng nào là ví dụ của kho dữ liệu?,Amazon Redshift và Google BigQuery,Đúng: Redshift và BigQuery là các nền tảng kho dữ liệu hiện đại.,Tableau và Power BI,"Sai: Tableau và Power BI là công cụ trực quan hóa, không phải kho dữ liệu.",MongoDB và Cassandra,Sai: MongoDB và Cassandra là cơ sở dữ liệu NoSQL.,Apache Kafka,"Sai: Kafka dùng để xử lý dữ liệu streaming, không phải kho dữ liệu.",A,section_1.3.csv
134,Hồ dữ liệu (data lake) phù hợp với bài toán nào?,Phân tích thống kê truyền thống,Sai: Phân tích thống kê truyền thống phù hợp với data warehouse.,Học máy và khai phá dữ liệu,"Đúng: Data lake lưu dữ liệu thô, phù hợp cho học máy và khai phá dữ liệu.",Trực quan hóa báo cáo,"Sai: Trực quan hóa thuộc công cụ như Tableau, không phải data lake.",Xây dựng mô hình dự đoán,"Sai: Xây dựng mô hình là bước sau, không phải mục đích của data lake.",B,section_1.3.csv
135,Giai đoạn thu nạp dữ liệu có vai trò gì?,Phân tích xu hướng dữ liệu,Sai: Phân tích xu hướng thuộc phân tích dữ liệu.,Chuyển dữ liệu từ nguồn vào hệ thống lưu trữ,Đúng: Thu nạp dữ liệu trích xuất và chuyển dữ liệu từ nguồn vào lưu trữ.,Xây dựng mô hình học máy,Sai: Xây dựng mô hình thuộc khoa học dữ liệu.,Trực quan hóa dữ liệu,Sai: Trực quan hóa thuộc phân tích dữ liệu.,B,section_1.3.csv
136,Phương pháp batch trong thu nạp dữ liệu là gì?,Xử lý dữ liệu theo thời gian thực,"Sai: Xử lý thời gian thực thuộc streaming, không phải batch.",Xử lý dữ liệu theo khối lớn định kỳ,"Đúng: Batch xử lý dữ liệu theo lô, như mỗi ngày hoặc mỗi tuần.",Phân tích thống kê dữ liệu,Sai: Phân tích thống kê thuộc phân tích dữ liệu.,Trích xuất đặc trưng học máy,Sai: Trích xuất đặc trưng thuộc biến đổi dữ liệu.,B,section_1.3.csv
137,Phương pháp streaming phù hợp với ứng dụng nào?,Báo cáo bán hàng hàng tuần,"Sai: Báo cáo hàng tuần phù hợp với batch, không phải streaming.",Phát hiện gian lận giao dịch thời gian thực,"Đúng: Streaming xử lý dữ liệu ngay lập tức, phù hợp với phát hiện gian lận.",Phân tích thống kê truyền thống,Sai: Phân tích thống kê dùng batch hoặc data warehouse.,Trực quan hóa dữ liệu,Sai: Trực quan hóa không liên quan đến streaming.,B,section_1.3.csv
138,Phương thức truyền tải push trong thu nạp dữ liệu là gì?,Hệ thống lưu trữ truy vấn nguồn định kỳ,"Sai: Truy vấn định kỳ là phương thức pull, không phải push.",Hệ thống nguồn chủ động gửi dữ liệu,Đúng: Push là khi nguồn gửi dữ liệu đến hệ thống lưu trữ.,Phân tích dữ liệu thời gian thực,Sai: Phân tích thời gian thực không phải phương thức truyền tải.,Xây dựng mô hình học máy,Sai: Xây dựng mô hình không liên quan đến truyền tải.,B,section_1.3.csv
139,Mô hình ETL khác với ELT ở điểm nào?,ETL biến đổi dữ liệu trước khi lưu trữ,"Đúng: ETL trích xuất, biến đổi, rồi nạp; ELT nạp trước rồi biến đổi.",ETL chỉ dùng cho dữ liệu thời gian thực,Sai: ETL không giới hạn ở dữ liệu thời gian thực.,ETL không hỗ trợ kho dữ liệu,Sai: ETL thường dùng cho kho dữ liệu.,ETL không cần trích xuất dữ liệu,Sai: Trích xuất là bước bắt buộc trong,,section_1.3.csv
140,Vai trò chính của kỹ sư dữ liệu là gì?,Xây dựng mô hình học máy,Sai: Xây dựng mô hình học máy thuộc nhà khoa học dữ liệu.,Thiết kế và duy trì hạ tầng dữ liệu,Đúng: Kỹ sư dữ liệu xây dựng pipeline và hạ tầng để cung cấp dữ liệu chất lượng cao.,Phân tích xu hướng dữ liệu,Sai: Phân tích xu hướng thuộc nhà phân tích dữ liệu.,Trực quan hóa báo cáo,Sai: Trực quan hóa thuộc nhà phân tích dữ liệu.,B,section_1.4.csv
141,Kỹ sư dữ liệu cần kỹ năng nào trong nhóm kỹ thuật nền tảng?,Thành thạo SQL và Python,Đúng: Kỹ sư dữ liệu cần SQL để quản trị cơ sở dữ liệu và Python để xử lý dữ liệu.,Thiết kế giao diện người dùng,Sai: Thiết kế giao diện không thuộc kỹ năng của kỹ sư dữ liệu.,Phân tích thống kê mô tả,Sai: Phân tích thống kê thuộc nhà phân tích dữ liệu.,Tối ưu hóa mô hình học máy,Sai: Tối ưu hóa mô hình thuộc kỹ sư học máy.,A,section_1.4.csv
142,Công cụ nào được kỹ sư dữ liệu sử dụng để xây dựng pipeline?,Apache Spark và Airflow,Đúng: Spark và Airflow là các công cụ phổ biến để xây dựng và quản lý pipeline dữ liệu.,Tableau và Power BI,"Sai: Tableau và Power BI dùng cho trực quan hóa, không phải pipeline.",TensorFlow và Keras,"Sai: TensorFlow và Keras dùng cho học máy, không phải pipeline.",Excel và Google Sheets,Sai: Excel và Google Sheets không dùng để xây dựng pipeline.,A,section_1.4.csv
143,Kỹ năng nào quan trọng với kỹ sư dữ liệu trong kiến trúc hệ thống?,Thiết kế hệ thống ETL/ELT có độ bền cao,Đúng: Thiết kế ETL/ELT là kỹ năng cốt lõi để đảm bảo pipeline dữ liệu hiệu quả.,Phân tích A/B testing,Sai: A/B testing thuộc nhà phân tích dữ liệu.,Xây dựng mô hình deep learning,Sai: Mô hình deep learning thuộc nhà khoa học dữ liệu.,Trình bày báo cáo,Sai: Trình bày báo cáo thuộc nhà phân tích dữ liệu.,A,section_1.4.csv
144,Kỹ sư dữ liệu làm việc với nền tảng nào để lưu trữ dữ liệu?,Amazon Redshift và Snowflake,Đúng: Redshift và Snowflake là các nền tảng kho dữ liệu hiện đại.,Matplotlib và Seaborn,"Sai: Matplotlib và Seaborn dùng cho trực quan hóa, không phải lưu trữ.",Scikit-learn và PyTorch,Sai: Scikit-learn và PyTorch dùng cho học máy.,Google Analytics và Mixpanel,Sai: Google Analytics và Mixpanel dùng để phân tích hành vi.,A,section_1.4.csv
145,Data Platform Engineer chịu trách nhiệm gì?,Xây dựng và quản lý hạ tầng dữ liệu tổng thể,"Đúng: Data Platform Engineer thiết kế và giám sát hạ tầng như Hadoop, S3.",Phân tích hiệu quả chiến dịch marketing,Sai: Phân tích marketing thuộc nhà phân tích dữ liệu.,Xây dựng mô hình học máy,Sai: Xây dựng mô hình thuộc nhà khoa học dữ liệu.,Trực quan hóa dữ liệu,Sai: Trực quan hóa thuộc nhà phân tích dữ liệu.,A,section_1.4.csv
146,Streaming Data Engineer tập trung vào lĩnh vực nào?,Xử lý dữ liệu thời gian thực,Đúng: Streaming Data Engineer xây dựng pipeline cho dữ liệu streaming như Kafka.,Phân tích thống kê mô tả,Sai: Phân tích thống kê thuộc nhà phân tích dữ liệu.,Thiết kế giao diện người dùng,Sai: Thiết kế giao diện không liên quan đến kỹ sư dữ liệu.,Tối ưu hóa mô hình học máy,Sai: Tối ưu hóa mô hình thuộc kỹ sư học máy.,B,section_1.4.csv
147,Nhiệm vụ chính của ETL/ELT Developer là gì?,Phân tích hành vi người dùng,Sai: Phân tích hành vi thuộc nhà phân tích dữ liệu.,Phát triển pipeline dữ liệu từ nguồn đến kho lưu trữ,"Đúng: ETL/ELT Developer thiết kế pipeline để trích xuất, biến đổi, và nạp dữ liệu.",Xây dựng mô hình deep learning,Sai: Deep learning thuộc nhà khoa học dữ liệu.,Trình bày báo cáo trực quan,Sai: Báo cáo trực quan thuộc nhà phân tích dữ liệu.,B,section_1.4.csv
148,DataOps Engineer có vai trò gì?,Tự động hóa và kiểm thử pipeline dữ liệu,Đúng: DataOps Engineer tự động hóa quy trình CI/CD và kiểm thử pipeline.,Phân tích chuỗi thời gian,Sai: Phân tích chuỗi thời gian thuộc nhà phân tích dữ liệu.,Thiết kế mô hình học máy,Sai: Thiết kế mô hình thuộc nhà khoa học dữ liệu.,Trực quan hóa dữ liệu,Sai: Trực quan hóa thuộc nhà phân tích dữ liệu.,A,section_1.4.csv
149,Data Reliability Engineer đảm bảo điều gì?,Độ tin cậy và chất lượng dữ liệu,Đúng: Data Reliability Engineer giám sát chất lượng và độ ổn định của dữ liệu.,Phân tích hiệu quả quảng cáo,Sai: Phân tích quảng cáo thuộc nhà phân tích dữ liệu.,Xây dựng mô hình dự đoán,Sai: Xây dựng mô hình thuộc nhà khoa học dữ liệu.,Thiết kế giao diện dashboard,Sai: Thiết kế dashboard thuộc nhà phân tích dữ liệu.,A,section_1.4.csv
150,Nhà phân tích dữ liệu tập trung vào nhiệm vụ gì?,Xây dựng pipeline dữ liệu,Sai: Xây dựng pipeline thuộc kỹ sư dữ liệu.,Khám phá xu hướng và diễn giải dữ liệu,Đúng: Nhà phân tích dữ liệu tìm kiếm xu hướng và diễn giải để hỗ trợ ra quyết định.,Triển khai mô hình học máy,Sai: Triển khai mô hình thuộc kỹ sư học máy.,Thiết kế hạ tầng dữ liệu,Sai: Thiết kế hạ tầng thuộc kỹ sư dữ liệu.,B,section_1.4.csv
151,Kỹ năng nào cần thiết cho nhà phân tích dữ liệu?,Thành thạo SQL và trực quan hóa dữ liệu,"Đúng: SQL và công cụ như Tableau, Power BI là cốt lõi cho phân tích dữ liệu.",Thiết kế hệ thống ETL/ELT,Sai: Thiết kế ETL/ELT thuộc kỹ sư dữ liệu.,Xây dựng mô hình deep learning,Sai: Deep learning thuộc nhà khoa học dữ liệu.,Quản lý hạ tầng đám mây,Sai: Quản lý đám mây thuộc kỹ sư dữ liệu.,A,section_1.4.csv
152,Nhà phân tích dữ liệu sử dụng công cụ nào để trực quan hóa?,Tableau và Power BI,Đúng: Tableau và Power BI là các công cụ trực quan hóa phổ biến.,Apache Spark và Kafka,"Sai: Spark và Kafka dùng để xử lý dữ liệu, không phải trực quan hóa.",TensorFlow và Keras,Sai: TensorFlow và Keras dùng cho học máy.,Airflow và DBT,Sai: Airflow và DBT dùng để xây dựng pipeline.,A,section_1.4.csv
153,Business Data Analyst có vai trò gì?,"Hỗ trợ các phòng ban nghiệp vụ như tài chính, marketing",Đúng: Business Data Analyst phân tích dữ liệu để hỗ trợ ra quyết định kinh doanh.,Xây dựng pipeline dữ liệu,Sai: Xây dựng pipeline thuộc kỹ sư dữ liệu.,Triển khai mô hình học máy,Sai: Triển khai mô hình thuộc kỹ sư học máy.,Thiết kế hạ tầng dữ liệu,Sai: Thiết kế hạ tầng thuộc kỹ sư dữ liệu.,A,section_1.4.csv
154,Product Analyst phân tích dữ liệu gì?,Hành vi người dùng trên nền tảng số,Đúng: Product Analyst tập trung vào hành vi người dùng để cải thiện sản phẩm.,Dữ liệu giao dịch ngân hàng,Sai: Giao dịch ngân hàng thuộc phân tích tài chính.,Dữ liệu thời gian thực từ IoT,Sai: Dữ liệu IoT thuộc kỹ sư dữ liệu streaming.,Dữ liệu mô hình học máy,Sai: Mô hình học máy thuộc nhà khoa học dữ liệu.,B,section_1.4.csv
155,Marketing Analyst cần kỹ năng nào?,Phân tích hiệu quả chi phí quảng cáo,"Đúng: Marketing Analyst phân tích ROAS, CPA để tối ưu chiến dịch marketing.",Thiết kế hệ thống ETL/ELT,Sai: Thiết kế ETL/ELT thuộc kỹ sư dữ liệu.,Xây dựng mô hình deep learning,Sai: Deep learning thuộc nhà khoa học dữ liệu.,Quản lý hạ tầng đám mây,Sai: Quản lý đám mây thuộc kỹ sư dữ liệu.,B,section_1.4.csv
156,Financial Data Analyst chịu trách nhiệm gì?,Dự báo tài chính và phân tích báo cáo,"Đúng: Financial Data Analyst phân tích dòng tiền, báo cáo tài chính, và dự báo.",Xây dựng pipeline dữ liệu,Sai: Xây dựng pipeline thuộc kỹ sư dữ liệu.,Triển khai mô hình học máy,Sai: Triển khai mô hình thuộc kỹ sư học máy.,Trực quan hóa hành vi người dùng,Sai: Hành vi người dùng thuộc Product Analyst.,A,section_1.4.csv
157,Operations Analyst tối ưu hóa điều gì?,Quy trình vận hành và chuỗi cung ứng,"Đúng: Operations Analyst phân tích logistics, sản xuất để tối ưu hiệu suất.",Mô hình học máy,Sai: Mô hình học máy thuộc nhà khoa học dữ liệu.,Hạ tầng dữ liệu,Sai: Hạ tầng dữ liệu thuộc kỹ sư dữ liệu.,Chiến dịch marketing,Sai: Marketing thuộc Marketing Analyst.,A,section_1.4.csv
158,Nhà phân tích dữ liệu cần kỹ năng gì để truyền đạt kết quả?,Kể chuyện bằng dữ liệu (data storytelling),Đúng: Data storytelling giúp truyền đạt kết quả phân tích dễ hiểu và thuyết phục.,Thiết kế pipeline dữ liệu,Sai: Thiết kế pipeline thuộc kỹ sư dữ liệu.,Xây dựng mô hình deep learning,Sai: Deep learning thuộc nhà khoa học dữ liệu.,Quản lý hạ tầng đám mây,Sai: Quản lý đám mây thuộc kỹ sư dữ liệu.,B,section_1.4.csv
159,Nhà phân tích dữ liệu sử dụng kỹ thuật nào để phân tích?,Phân tích thống kê mô tả và hồi quy,Đúng: Thống kê mô tả và hồi quy là các kỹ thuật cốt lõi của phân tích dữ liệu.,Thiết kế hệ thống ETL/ELT,Sai: Thiết kế ETL/ELT thuộc kỹ sư dữ liệu.,Triển khai mô hình học máy,Sai: Triển khai mô hình thuộc kỹ sư học máy.,Quản lý hạ tầng dữ liệu,Sai: Quản lý hạ tầng thuộc kỹ sư dữ liệu.,B,section_1.4.csv
160,Nhà khoa học dữ liệu có vai trò gì?,Xây dựng và duy trì hạ tầng dữ liệu,Sai: Xây dựng hạ tầng thuộc kỹ sư dữ liệu.,Xây dựng mô hình dự đoán và phân tích sâu,Đúng: Nhà khoa học dữ liệu tạo mô hình học máy và khám phá mối quan hệ ẩn.,Trực quan hóa dữ liệu,Sai: Trực quan hóa thuộc nhà phân tích dữ liệu.,Quản lý pipeline dữ liệu,Sai: Quản lý pipeline thuộc kỹ sư dữ liệu.,B,section_1.4.csv
161,Kỹ năng nào cần thiết cho nhà khoa học dữ liệu?,Học máy và thống kê suy luận,"Đúng: Nhà khoa học dữ liệu cần học máy (hồi quy, phân loại) và thống kê suy luận.",Thiết kế hệ thống ETL/ELT,Sai: Thiết kế ETL/ELT thuộc kỹ sư dữ liệu.,Quản lý hạ tầng đám mây,Sai: Quản lý đám mây thuộc kỹ sư dữ liệu.,Thiết kế giao diện người dùng,Sai: Thiết kế giao diện không liên quan đến nhà khoa học dữ liệu.,A,section_1.4.csv
162,Nhà khoa học dữ liệu sử dụng công cụ nào?,Python và Scikit-learn,Đúng: Python với Scikit-learn là công cụ phổ biến cho học máy và phân tích.,Tableau và Power BI,"Sai: Tableau và Power BI dùng cho trực quan hóa, không phải học máy.",Apache Airflow,"Sai: Airflow dùng để quản lý pipeline, không phải học máy.",Excel và Google Sheets,Sai: Excel và Google Sheets ít dùng cho học máy phức tạp.,A,section_1.4.csv
163,Nhà khoa học dữ liệu tham gia vào bước nào của chu trình dữ liệu?,Toàn bộ chu trình từ thu thập đến triển khai,"Đúng: Nhà khoa học dữ liệu tham gia từ thu thập, xử lý, phân tích đến triển khai mô hình.",Chỉ thu thập dữ liệu,Sai: Thu thập dữ liệu chủ yếu thuộc kỹ sư dữ liệu.,Chỉ trực quan hóa dữ liệu,Sai: Trực quan hóa thuộc nhà phân tích dữ liệu.,Chỉ thiết kế hạ tầng,Sai: Thiết kế hạ tầng thuộc kỹ sư dữ liệu.,B,section_1.4.csv
164,Nhà khoa học dữ liệu cần kỹ năng gì để truyền đạt kết quả?,Kể chuyện bằng dữ liệu,Đúng: Kể chuyện bằng dữ liệu giúp giải thích mô hình cho người không chuyên.,Thiết kế pipeline dữ liệu,Sai: Thiết kế pipeline thuộc kỹ sư dữ liệu.,Quản lý hạ tầng đám mây,Sai: Quản lý đám mây thuộc kỹ sư dữ liệu.,Thiết kế giao diện dashboard,Sai: Thiết kế dashboard thuộc nhà phân tích dữ liệu.,B,section_1.4.csv
165,Lộ trình nghề nghiệp của nhà khoa học dữ liệu bắt đầu từ đâu?,Junior Data Scientist,Đúng: Junior Data Scientist là bước khởi đầu trong lộ trình nghề nghiệp.,Data Platform Engineer,Sai: Data Platform Engineer thuộc kỹ thuật dữ liệu.,Business Data Analyst,Sai: Business Data Analyst thuộc phân tích dữ liệu.,MLOps Engineer,Sai: MLOps Engineer thuộc kỹ sư học máy.,A,section_1.4.csv
166,Nhà khoa học dữ liệu sử dụng kỹ thuật nào?,Phân loại và phân cụm,Đúng: Phân loại (học có giám sát) và phân cụm (học không giám sát) là kỹ thuật học máy.,Thiết kế hệ thống ETL/ELT,Sai: Thiết kế ETL/ELT thuộc kỹ sư dữ liệu.,Quản lý pipeline dữ liệu,Sai: Quản lý pipeline thuộc kỹ sư dữ liệu.,Trực quan hóa báo cáo,Sai: Trực quan hóa thuộc nhà phân tích dữ liệu.,A,section_1.4.csv
167,Nhà khoa học dữ liệu khác với nhà phân tích dữ liệu ở điểm nào?,Tập trung vào xây dựng mô hình dự đoán,Đ,,,,,,,,section_1.4.csv
